var_1,var_2,var_3,var_4
B,B,A,A
A,A,B,B
A,A,B,A
B,B,A,A
B,B,A,B
B,A,A,B
B,A,B,B
B,B,A,B
B,A,A,B
B,A,A,B
B,B,A,A
B,B,B,B
A,B,A,A
A,B,B,B
B,B,A,B
A,B,B,B
A,B,B,B
A,B,B,A
B,B,A,A
A,A,A,A
A,B,B,B
B,B,B,B
A,B,A,B
B,B,B,B
B,A,B,B
B,B,B,A
A,B,B,A
A,B,B,A
B,A,A,B
A,A,A,B
B,A,A,A
B,A,B,B
A,B,A,B
B,B,A,A
B,B,B,A
B,B,A,A
A,A,B,B
A,A,B,A
A,B,B,A
A,B,B,B
A,A,B,B
B,A,B,A
B,A,B,B
B,B,A,A
B,B,B,B
B,B,A,B
B,A,B,B
B,B,B,A
A,B,A,B
B,A,A,A
A,A,A,B
A,B,A,B
A,B,A,A
B,A,B,B
A,B,A,A
A,B,A,B
A,B,B,B
B,B,B,A
A,B,A,A
B,A,B,B
A,B,A,B
B,B,A,A
A,B,A,B
A,B,A,B
A,B,A,A
B,A,B,A
A,B,B,A
B,B,B,B
A,A,A,B
B,A,A,A
B,A,A,A
B,B,A,B
B,B,B,A
A,B,A,A
B,B,A,B
B,A,A,B
A,B,A,A
B,B,B,A
B,B,A,B
A,B,A,A
A,A,B,A
A,B,B,A
A,A,A,B
A,B,A,B
A,B,A,B
B,B,B,A
A,A,B,A
A,A,A,B
A,B,A,A
A,B,A,A
A,B,B,A
B,A,A,A
A,B,A,B
A,A,B,A
B,B,A,A
A,B,B,A
A,B,A,A
A,B,A,A
B,A,B,A
B,A,A,B
B,A,A,A
B,A,B,B
B,B,B,B
B,A,A,B
B,A,B,B
A,B,B,B
B,B,B,A
A,B,A,B
A,A,A,A
B,B,B,B
A,B,A,B
B,A,A,A
B,B,A,A
B,B,B,B
B,A,A,A
B,B,B,B
B,A,B,B
A,A,A,B
B,B,A,B
B,B,A,A
B,B,B,B
B,A,B,B
A,B,B,A
B,A,A,A
A,A,B,B
B,A,A,A
A,A,A,A
B,B,A,A
A,B,A,B
A,A,B,B
A,B,B,A
B,A,B,B
A,B,A,B
B,A,B,B
B,A,A,A
B,A,B,B
A,B,B,B
A,A,A,A
A,B,B,A
B,B,B,A
B,A,A,B
B,A,B,B
A,B,B,B
B,A,B,A
A,B,A,A
B,A,B,B
A,A,B,A
A,B,B,A
A,A,B,B
A,B,A,A
B,A,B,A
B,A,B,B
B,B,B,A
B,B,A,B
B,A,A,A
B,A,B,A
B,B,B,B
B,B,B,B
A,B,B,B
B,A,A,B
B,B,A,A
A,A,B,A
B,B,A,B
B,B,B,B
B,A,A,B
B,A,A,A
B,B,B,B
B,B,B,B
B,A,A,B
A,A,A,A
A,A,A,B
A,B,A,A
A,A,A,A
B,B,A,B
A,B,A,A
B,A,B,A
A,A,A,B
B,A,B,A
A,B,B,B
B,A,A,B
A,B,A,B
B,A,B,A
B,A,A,A
A,A,B,B
B,A,B,A
A,B,B,B
B,A,A,B
A,B,B,A
B,A,B,A
B,B,A,A
B,A,A,A
B,B,A,B
A,A,A,A
B,B,A,B
A,B,A,B
B,A,A,A
A,B,A,A
A,A,B,A
A,B,A,A
B,B,A,A
B,A,A,A
B,B,B,B
B,B,A,B
A,A,B,B
B,B,B,B
B,A,A,B
B,B,B,B
B,B,A,B
B,B,A,B
A,B,B,A
B,B,A,A
B,B,A,A
B,B,A,A
A,B,A,A
B,B,A,A
B,A,B,B
B,B,B,A
B,A,A,B
B,A,A,B
A,B,A,B
A,B,B,A
B,B,A,B
A,A,A,B
A,B,B,A
A,A,B,A
A,A,A,A
B,B,A,A
B,A,A,A
B,B,A,B
B,B,A,B
A,A,B,A
B,A,B,B
B,A,B,A
A,A,A,A
B,B,A,A
A,B,B,B
B,A,A,A
B,A,A,B
A,B,A,B
B,A,A,A
B,A,A,B
B,A,A,B
B,B,B,B
A,A,A,A
B,B,A,B
A,B,A,B
B,A,B,B
B,B,B,A
B,B,A,B
B,A,A,B
B,B,A,B
B,B,B,A
B,A,A,A
B,B,A,A
A,A,B,A
B,A,A,A
B,B,B,A
A,B,A,A
A,B,A,B
B,B,A,B
B,B,A,B
B,B,B,A
A,B,A,B
B,A,A,A
B,A,B,A
A,B,A,B
A,B,A,A
A,B,A,B
B,B,B,A
A,B,B,B
B,B,A,B
B,B,B,A
A,A,A,B
B,A,A,A
B,A,B,A
B,A,A,A
B,A,A,B
B,B,B,B
B,B,B,B
B,B,A,B
A,B,B,B
B,A,A,B
B,B,A,A
A,A,B,B
B,A,B,A
B,B,A,B
B,B,B,B
A,B,A,A
A,B,A,B
B,A,B,A
A,B,A,A
B,B,A,B
A,B,B,A
A,B,A,B
B,B,A,A
A,B,B,B
B,A,A,A
B,B,B,B
B,B,A,B
B,B,A,B
A,B,B,A
A,B,A,A
A,A,B,A
A,B,A,B
B,B,A,A
B,B,B,A
B,B,B,B
B,B,B,B
B,A,B,A
A,B,B,B
B,A,A,B
B,B,A,B
A,A,A,B
B,B,A,B
A,A,A,B
B,A,A,A
B,B,A,B
B,A,A,B
A,B,B,B
A,B,A,A
A,A,B,A
B,B,B,B
B,B,A,A
B,B,A,A
A,A,A,A
A,B,B,B
B,B,A,B
B,B,A,A
B,B,B,B
A,A,A,B
B,B,A,B
A,A,A,A
B,A,B,B
B,B,B,B
B,A,A,A
B,A,B,B
B,A,A,B
A,B,A,A
A,A,A,B
A,A,B,A
B,B,B,A
B,B,A,A
B,B,B,B
B,B,A,B
B,A,A,A
B,B,A,A
B,B,B,A
B,B,B,A
B,A,B,A
B,B,A,B
B,B,A,A
B,B,A,B
B,B,A,B
B,A,B,A
A,B,A,B
B,A,A,B
A,B,A,A
B,B,A,A
A,B,A,B
A,A,A,B
B,A,A,B
B,B,A,A
B,A,B,A
B,B,A,B
A,A,A,A
B,A,A,B
A,A,B,A
A,A,A,A
A,A,B,A
B,A,B,B
A,B,A,B
A,B,A,A
A,B,B,A
B,A,B,B
A,B,A,A
B,A,B,B
A,B,A,B
B,B,B,B
A,A,A,A
A,B,B,B
A,A,A,B
B,B,B,B
B,A,B,A
B,B,B,A
A,A,B,B
B,B,B,B
B,B,A,B
A,B,A,B
B,B,A,A
B,A,A,A
B,A,A,A
A,B,A,B
B,B,B,A
B,A,B,B
B,B,B,A
B,A,A,A
B,B,B,A
A,B,A,A
B,A,A,A
A,B,A,B
A,B,A,A
B,B,B,A
B,B,A,A
A,B,A,A
B,B,B,A
A,B,B,A
B,B,B,B
A,B,B,A
B,B,A,B
B,B,B,B
B,A,A,B
B,A,B,A
A,B,A,A
A,B,B,A
B,A,B,A
B,A,B,B
A,B,A,A
A,A,B,A
B,A,A,B
B,B,A,B
A,B,B,B
B,B,A,A
B,B,A,A
B,B,B,A
B,B,B,B
B,A,B,B
B,B,B,A
A,A,A,B
B,A,A,A
B,B,A,A
A,B,B,A
B,B,A,B
B,A,B,B
B,B,A,A
A,A,B,B
B,B,A,A
B,A,B,A
B,B,B,A
B,B,A,B
A,B,A,A
B,A,B,B
B,A,B,A
B,B,A,B
B,B,A,B
B,A,A,A
B,B,B,B
B,A,A,B
A,B,B,B
A,A,A,A
B,B,A,B
A,A,B,B
B,B,B,A
B,A,B,A
A,B,A,B
A,A,B,B
B,B,A,B
A,B,B,B
B,B,B,A
A,A,A,A
A,B,B,B
B,B,B,B
B,A,A,B
A,B,A,B
A,B,A,A
B,A,A,A
A,A,A,A
B,B,B,B
B,B,B,B
B,B,A,B
A,B,B,A
B,B,B,A
B,A,B,A
A,B,B,B
B,B,A,A
A,B,B,B
A,A,A,B
B,B,B,B
B,A,B,A
B,A,B,A
B,A,B,A
A,B,A,B
B,A,B,A
B,A,A,A
A,B,B,B
B,A,B,B
A,A,A,B
B,A,A,B
B,B,B,B
B,B,B,A
B,B,B,B
A,B,B,A
A,B,B,B
B,B,A,B
B,B,A,B
A,B,B,B
B,A,A,A
B,B,A,B
B,B,A,A
B,B,B,B
B,B,B,A
A,B,A,A
B,A,B,B
B,B,B,B
B,B,A,A
B,A,B,A
B,A,B,B
B,A,B,B
B,B,B,B
B,B,A,B
B,A,B,B
A,B,A,B
B,B,B,A
B,A,A,B
B,A,B,A
B,B,B,A
A,B,A,A
A,B,B,A
B,A,B,B
B,B,A,B
B,A,A,A
A,B,B,A
A,A,B,A
B,A,A,A
B,B,A,B
B,B,A,A
A,A,A,A
B,B,A,A
A,A,A,B
A,B,B,B
B,B,A,A
B,B,B,B
B,A,B,A
B,A,B,B
B,A,A,A
A,B,B,A
B,A,B,B
A,A,B,A
A,B,B,B
B,B,B,B
B,B,A,A
B,B,A,B
A,A,B,B
B,A,B,A
B,B,A,A
A,B,B,A
B,B,B,A
A,B,B,B
B,A,B,B
B,B,A,B
B,A,A,B
A,A,B,A
B,B,B,B
B,A,A,B
B,A,B,A
B,A,B,B
B,B,B,A
A,B,A,B
B,B,A,B
A,A,A,A
A,B,A,A
B,A,A,B
A,B,A,B
A,A,A,B
B,B,B,A
B,B,A,B
B,B,A,A
B,A,A,A
A,B,B,B
A,B,B,B
A,B,B,B
B,B,A,B
A,B,B,B
A,B,A,A
B,A,B,B
A,B,B,B
A,A,A,A
B,B,B,B
A,B,A,A
B,A,B,B
B,B,A,B
B,B,A,B
B,A,B,B
A,B,A,B
B,B,A,A
A,B,B,B
B,B,A,A
A,B,A,B
B,B,A,B
A,B,A,B
A,B,A,B
A,A,A,A
A,A,B,A
B,A,A,B
A,B,A,A
B,B,A,B
B,B,A,A
A,B,A,A
B,B,A,B
B,A,B,A
B,B,B,A
B,B,B,A
A,B,A,A
B,B,B,B
A,B,A,B
A,A,B,A
B,A,B,A
B,A,A,A
B,B,A,B
A,A,B,B
A,B,A,B
B,B,B,A
B,B,A,B
B,B,A,B
B,A,B,A
A,B,A,B
A,B,A,B
A,B,B,B
A,B,A,A
B,B,B,A
B,A,B,A
B,B,B,B
B,B,A,B
B,A,B,B
B,B,A,B
A,A,B,A
A,B,B,B
A,A,A,B
A,A,A,A
B,B,A,A
B,B,B,B
B,B,A,A
A,B,B,A
A,B,A,B
A,B,A,A
B,B,B,B
B,B,A,B
A,B,A,B
B,B,B,B
B,A,B,A
B,A,B,A
A,B,A,A
B,B,B,A
B,A,A,A
A,B,A,B
B,A,B,A
A,B,B,A
A,A,A,B
B,A,B,B
A,A,B,B
A,B,A,A
A,A,B,B
B,B,A,A
A,B,A,A
A,A,A,B
A,A,B,B
B,A,A,A
B,B,B,B
B,A,B,A
A,A,A,B
A,A,B,B
A,A,B,A
A,B,A,A
B,B,A,A
A,B,A,A
A,A,A,A
B,B,A,A
B,B,A,A
B,A,B,B
B,A,B,B
B,A,A,A
B,B,A,B
B,A,A,B
A,A,B,A
B,B,B,A
B,A,B,A
A,B,B,B
A,A,A,B
B,B,B,B
A,B,A,A
B,B,A,B
A,B,A,B
A,B,B,B
A,B,A,A
A,B,A,B
A,B,A,B
B,B,A,B
B,A,A,A
A,B,B,B
B,A,A,A
A,B,A,B
B,A,A,B
B,B,A,B
A,B,A,B
A,B,A,A
A,B,A,A
B,B,B,B
B,B,A,A
B,A,A,A
A,B,A,B
B,B,B,B
B,B,A,B
B,B,B,B
B,A,B,B
B,B,A,A
B,A,A,B
B,B,B,B
B,B,A,A
A,B,A,A
B,A,A,A
A,A,B,B
A,B,B,A
A,B,A,A
A,A,A,B
A,A,A,A
B,B,A,B
B,B,A,A
B,A,A,A
B,B,A,A
B,B,A,B
A,B,B,B
B,A,A,A
A,B,A,B
B,B,A,B
B,B,A,A
A,A,A,A
A,B,B,B
B,B,A,B
B,B,B,A
A,A,A,B
B,A,B,A
A,B,B,A
B,B,A,B
A,A,B,A
A,B,B,A
A,B,B,B
B,B,B,A
B,B,A,B
A,B,B,B
A,B,B,A
B,A,A,B
B,A,B,B
A,B,A,B
B,A,B,A
A,B,B,B
B,B,A,B
A,B,A,B
A,B,B,B
B,B,A,B
B,A,A,B
A,A,B,B
A,A,A,B
A,B,A,A
A,A,B,A
B,B,B,B
B,A,A,B
A,B,B,A
B,B,A,A
B,B,A,B
B,B,A,A
B,B,A,B
A,B,B,A
B,B,B,A
A,B,B,A
B,B,A,B
B,B,B,B
B,B,A,A
B,A,B,B
A,A,A,A
B,A,B,A
B,B,B,B
B,B,A,B
A,B,B,A
B,B,A,B
A,B,A,B
B,B,B,A
A,A,B,A
A,B,B,A
A,B,A,B
B,B,A,A
B,A,A,B
B,B,B,B
A,B,A,A
B,B,A,B
A,B,A,B
B,B,A,A
B,A,A,A
B,A,B,A
A,A,B,B
B,B,A,A
B,A,B,B
B,B,B,A
A,A,B,B
A,B,A,B
B,B,B,A
A,B,B,B
B,B,B,A
B,B,B,B
B,A,B,B
A,B,A,A
B,A,A,A
B,A,A,A
B,A,B,B
B,A,A,B
A,A,B,A
B,B,B,A
A,B,A,A
B,A,A,B
A,A,A,B
B,A,B,A
A,A,B,A
B,B,A,B
A,A,A,B
B,A,A,B
A,B,B,A
B,B,A,A
A,B,A,B
A,B,B,A
B,A,A,A
B,B,A,B
A,A,B,B
B,B,A,B
A,B,A,B
A,A,A,A
B,A,A,B
B,A,B,A
A,A,A,A
B,A,B,B
A,A,B,A
B,B,A,B
A,A,A,A
A,A,A,A
B,B,B,B
A,B,B,A
B,A,A,B
B,A,A,A
B,B,A,A
A,B,A,B
A,B,A,B
A,A,A,A
B,A,B,A
A,B,A,A
B,A,A,A
B,B,A,B
B,B,A,A
B,A,A,B
B,B,B,A
A,A,B,A
B,B,A,A
A,B,A,B
B,B,B,A
B,B,A,A
B,B,A,A
B,B,A,B
B,A,B,A
A,B,B,A
A,A,B,B
B,B,A,A
B,B,A,A
B,B,A,A
B,A,B,B
B,A,B,B
B,B,A,B
A,B,A,B
A,A,A,A
B,B,B,A
B,B,A,A
A,B,A,A
B,A,A,A
A,B,B,B
A,B,B,B
B,A,B,A
A,B,A,A
B,A,A,A
A,B,B,B
A,A,A,B
A,A,A,B
A,B,B,A
A,A,A,A
A,A,A,A
A,B,B,B
B,B,A,A
A,A,A,A
B,B,B,A
B,B,A,A
B,B,A,A
A,B,A,A
A,B,B,B
B,A,B,B
B,A,A,B
B,B,A,A
A,A,B,A
B,A,B,B
B,B,A,A
A,A,A,B
B,A,B,A
B,A,A,A
A,B,A,B
B,B,A,B
B,A,A,B
A,A,B,B
A,B,B,A
B,B,A,B
A,A,A,A
A,B,B,A
B,B,B,A
B,A,A,B
B,B,B,B
A,B,A,B
A,A,A,A
A,B,A,B
B,A,A,A
B,A,B,A
B,B,A,A
A,A,B,A
B,A,A,B
B,A,A,B
B,A,B,A
B,A,B,B
B,B,A,B
B,A,B,A
B,B,A,A
B,A,A,A
B,B,A,A
A,B,A,B
A,B,B,B
B,B,B,B
B,A,B,B
A,B,B,B
B,B,A,A
A,B,A,B
B,B,A,A
A,B,A,A
A,B,A,A
B,B,B,B
B,A,B,A
B,A,B,A
B,B,B,B
B,B,B,A
B,B,B,B
A,B,B,A
B,B,B,A
A,B,B,B
A,B,A,A
A,A,A,A
B,B,A,A
A,A,A,A
B,B,A,B
B,B,A,A
B,B,A,B
B,A,A,A
A,B,A,B
B,A,B,A
B,B,B,B
B,A,B,A
B,A,B,B
B,B,A,A
A,A,A,B
A,B,B,B
B,B,A,A
A,A,A,A
B,B,A,A
B,B,B,B
B,B,A,B
B,A,A,A
A,B,A,B
A,B,B,B
B,A,A,B
A,B,A,A
A,A,A,A
B,B,B,B
A,A,A,B
B,B,B,A
A,B,A,A
B,A,B,B
B,B,B,A
B,B,A,B
B,B,B,B
B,A,A,A
B,A,A,A
B,A,B,A
A,B,B,B
B,A,A,A
B,A,A,B
A,A,B,B
B,B,B,B
A,B,A,B
B,B,A,B
B,B,A,B
A,B,B,B
B,A,B,A
B,B,B,A
A,B,B,A
A,A,A,B
B,B,A,A
B,A,A,B
B,B,B,B
A,B,A,B
B,A,B,B
B,B,A,B
B,B,B,A
