var_1,var_2,var_3,var_4,var_5,var_6,var_7,var_8,var_9,var_10,var_11,var_12,var_13,var_14,var_15
a,d,e,e,e,d,a,i,d,d,e,j,e,d,a
d,c,i,h,d,e,c,c,e,h,a,h,c,j,h
a,h,f,b,e,g,c,i,e,f,b,a,d,g,h
i,i,f,g,a,a,d,j,g,e,f,d,f,d,g
i,a,b,j,b,f,g,g,a,d,d,e,j,d,i
b,a,e,d,c,f,a,g,a,f,j,c,b,b,j
e,h,b,c,g,g,c,d,j,i,d,d,c,d,f
g,c,e,d,c,g,b,e,i,h,j,f,f,j,e
e,c,g,h,f,c,h,j,e,f,h,f,d,d,i
e,a,c,i,f,c,f,f,c,f,j,j,d,c,a
d,e,a,e,a,e,e,d,f,j,i,i,g,e,g
b,h,c,f,e,d,j,e,j,d,f,e,i,e,f
d,d,c,c,f,a,g,d,j,e,j,b,d,a,g
e,g,j,i,a,j,i,d,e,b,h,e,i,b,i
b,e,j,f,f,h,i,j,f,h,d,e,i,d,i
a,j,c,f,j,c,h,d,j,a,e,c,b,h,d
g,g,i,e,a,j,g,i,e,b,e,i,b,a,c
b,c,a,j,f,e,j,a,d,g,a,f,b,b,e
e,f,a,g,i,j,j,d,i,j,h,h,h,f,j
d,c,b,b,h,b,d,e,c,h,f,c,b,h,b
b,c,e,g,f,b,g,c,f,f,a,i,g,b,e
e,f,i,i,f,d,a,b,c,e,e,a,a,d,c
g,j,d,i,h,h,c,h,h,j,g,d,j,b,b
g,f,g,j,f,i,a,g,f,f,b,i,g,a,a
h,i,h,e,c,j,f,d,b,f,j,d,b,a,h
e,i,i,f,g,d,i,i,j,c,h,h,a,f,i
d,i,g,c,a,g,e,a,e,f,b,a,e,h,g
e,g,e,c,b,d,e,f,h,j,j,a,f,g,d
i,g,j,f,j,a,b,f,d,e,e,d,g,j,j
b,e,g,b,a,c,j,j,i,i,g,c,i,f,a
e,d,h,a,i,c,a,g,g,g,a,j,h,a,b
i,g,f,j,a,c,d,i,j,h,c,j,h,j,a
j,j,c,i,b,c,g,a,h,d,a,c,e,c,b
d,b,g,f,e,b,b,i,i,d,c,i,c,e,e
f,i,i,j,c,g,i,c,j,a,i,c,c,a,j
d,a,d,i,e,e,g,c,d,g,f,j,d,b,i
d,d,c,d,j,h,b,j,b,g,b,f,g,a,i
g,h,i,i,e,i,c,a,e,g,c,h,c,c,c
i,f,d,f,h,f,e,d,i,d,i,i,e,i,e
f,f,b,e,b,f,e,h,b,f,h,d,b,i,d
g,i,d,d,i,g,f,e,f,j,f,a,i,a,b
h,d,h,b,h,f,c,f,h,i,f,d,g,f,f
c,i,g,e,a,d,c,a,b,c,c,f,i,i,a
e,f,d,c,h,h,a,d,g,i,g,c,e,a,a
i,f,h,e,j,j,f,j,h,h,a,d,c,e,e
e,f,a,g,i,e,b,d,i,b,g,g,g,j,g
f,a,i,e,c,b,b,f,j,d,f,h,e,i,c
d,d,j,b,d,a,e,e,g,j,g,a,j,b,c
b,e,g,g,h,j,g,g,b,b,j,d,j,j,d
b,b,e,a,a,h,j,h,j,d,a,i,e,j,e
i,e,j,a,g,a,d,j,g,g,c,f,i,f,e
g,j,e,f,j,d,c,b,h,d,c,f,a,e,h
d,i,e,g,i,d,b,f,f,j,h,d,g,c,h
g,a,g,d,g,i,j,e,d,j,a,a,a,d,f
c,b,b,h,i,i,f,i,f,h,h,b,i,h,b
h,i,j,i,a,f,e,g,d,i,j,e,i,g,d
c,c,d,c,i,f,f,h,j,f,b,b,h,d,i
g,d,j,d,e,i,j,a,b,g,f,f,d,j,d
i,h,d,b,j,f,f,e,b,b,c,e,h,c,a
g,c,i,d,c,d,i,h,j,h,h,f,a,i,b
c,f,f,h,j,h,e,c,e,h,f,b,a,d,j
f,a,a,b,i,j,b,b,c,d,j,c,d,f,b
j,b,f,h,h,b,j,g,a,f,d,i,h,e,j
h,e,i,g,b,i,d,f,a,h,h,g,f,g,e
f,e,d,e,h,b,c,d,h,a,f,g,g,d,g
b,h,f,e,a,j,g,h,c,h,d,a,f,b,j
h,g,c,j,b,a,g,g,a,a,b,h,e,b,g
d,i,c,j,f,g,i,b,h,h,d,b,i,h,a
j,h,a,a,j,c,h,h,h,d,a,d,j,d,e
h,e,j,a,d,c,b,e,b,j,j,d,c,a,i
i,b,c,i,g,c,c,h,i,b,c,g,e,a,h
f,g,a,f,a,a,f,c,d,a,a,d,j,j,d
i,j,c,h,j,d,c,i,c,b,d,g,d,f,d
c,a,d,i,f,d,h,g,d,e,d,d,i,h,c
e,i,a,b,h,c,g,c,c,i,e,f,a,c,g
g,c,j,h,e,d,c,c,d,f,d,a,i,i,j
g,a,f,b,f,f,i,b,g,b,b,d,c,h,h
e,i,a,h,a,g,c,j,c,f,h,j,a,f,g
a,a,d,b,b,f,d,i,c,a,a,d,d,f,b
d,e,b,d,h,a,i,a,b,a,e,d,h,d,f
a,g,h,g,h,d,a,d,g,d,g,h,e,e,j
e,i,f,d,c,d,i,c,b,f,b,g,f,i,f
h,b,c,d,e,g,j,d,a,a,i,j,j,c,f
e,i,a,h,a,c,c,g,g,c,f,j,j,b,d
d,f,g,i,c,a,i,h,f,e,d,h,f,d,a
f,e,j,j,g,a,h,e,f,i,f,g,a,a,e
i,f,g,c,a,j,d,c,g,g,b,d,f,j,j
b,g,f,d,f,b,j,h,e,c,h,h,a,f,h
j,h,d,e,c,e,b,e,a,d,a,d,c,c,i
c,d,j,c,e,f,e,f,h,f,c,i,f,e,g
f,b,e,j,j,a,d,b,d,g,b,b,h,g,e
j,a,c,g,c,h,h,f,g,b,c,j,i,h,e
a,j,e,i,f,b,j,j,d,h,g,a,f,b,e
e,a,j,e,j,b,d,e,j,c,d,a,b,a,g
e,f,b,h,j,g,j,c,b,h,e,h,b,f,h
g,e,c,h,a,e,g,h,b,c,b,f,j,e,g
h,e,d,b,j,h,j,f,c,i,d,j,g,d,e
e,f,b,j,i,g,c,g,b,e,c,e,f,d,d
d,j,h,g,j,b,g,d,h,j,b,e,a,g,f
d,c,h,f,e,g,j,d,e,b,a,g,h,a,j
i,c,c,d,b,b,b,f,j,j,b,a,b,c,e
h,f,b,e,h,f,b,d,b,j,c,i,g,g,c
h,e,d,h,h,j,e,f,h,e,e,b,g,a,f
c,j,i,j,h,i,h,g,c,e,i,j,b,c,g
d,g,a,e,b,h,f,d,c,d,c,e,g,a,d
d,d,c,g,f,j,j,g,h,a,e,d,j,b,h
b,a,f,d,e,d,g,i,j,e,d,a,a,e,j
d,e,h,i,e,j,f,i,d,g,c,d,i,c,b
b,h,e,f,d,h,f,e,f,j,h,h,e,i,i
j,c,c,d,a,d,d,j,j,f,a,a,d,d,d
g,c,d,g,d,g,h,c,g,a,b,h,g,e,g
j,d,e,j,c,a,j,d,h,g,b,d,h,d,j
j,j,b,i,e,c,d,j,g,c,g,g,b,b,d
g,f,a,e,j,e,i,j,a,g,h,b,b,c,d
h,h,h,e,e,c,j,j,h,c,f,g,d,g,d
a,b,i,h,j,b,h,b,e,j,c,f,f,i,f
d,e,c,j,e,g,b,e,d,d,d,d,e,h,e
c,j,f,g,b,b,a,a,a,j,j,h,f,c,c
b,d,e,c,i,f,h,g,i,d,b,i,d,i,c
h,b,h,d,d,f,h,b,b,a,d,c,b,c,g
e,g,g,g,d,e,b,i,h,f,i,i,g,g,f
g,a,c,c,c,a,i,g,d,b,b,f,d,g,b
c,b,g,f,d,f,i,b,f,a,f,b,e,h,g
i,a,i,j,d,e,a,h,j,g,j,i,b,j,c
b,b,i,f,b,d,d,i,i,i,g,g,b,a,h
g,i,h,c,d,g,i,g,j,f,h,h,g,c,d
a,b,d,j,i,f,b,h,b,d,b,a,b,g,c
b,j,a,h,f,c,e,c,g,c,j,c,c,g,h
e,f,b,i,a,d,c,h,g,g,g,i,a,e,j
c,b,e,b,b,b,f,j,g,g,f,a,d,e,h
b,j,j,f,a,c,g,h,a,g,g,f,c,b,f
a,h,j,c,a,b,h,b,f,d,h,h,j,h,a
a,j,g,c,f,f,f,c,e,i,e,b,g,b,g
c,c,g,e,e,d,j,i,h,g,a,f,f,b,b
b,a,d,b,b,d,e,f,g,j,h,i,e,f,f
g,f,i,e,j,b,h,i,b,i,h,j,b,f,c
f,f,f,d,i,c,h,e,g,h,a,d,g,e,b
d,a,i,g,b,e,e,h,j,e,c,e,e,e,e
d,e,a,h,h,h,d,d,h,h,a,g,c,i,j
h,j,j,e,c,g,j,c,h,d,e,b,e,h,b
f,f,j,i,i,e,b,a,a,e,h,d,j,g,j
i,b,j,d,h,g,e,f,j,j,c,i,a,g,g
f,c,g,f,b,c,j,j,c,h,e,j,i,d,a
c,f,j,f,f,d,a,a,d,i,d,i,i,g,f
g,d,c,b,a,b,d,d,b,g,h,f,c,g,c
g,a,b,d,c,f,b,h,i,j,c,j,f,a,i
c,e,c,j,h,e,d,g,i,d,d,f,j,c,c
j,h,f,b,e,g,a,h,a,e,j,f,c,g,b
a,j,d,a,c,b,c,d,j,h,h,f,c,c,i
i,b,c,b,d,i,j,f,a,a,c,j,g,h,a
g,h,f,b,h,a,b,h,a,a,g,h,g,a,b
e,e,d,d,c,d,j,b,g,e,f,i,f,c,f
h,c,f,g,b,d,i,e,e,b,h,g,i,b,j
e,d,e,e,e,e,a,a,b,j,i,e,c,d,g
c,a,f,f,a,f,i,e,e,d,f,e,f,e,d
f,a,d,i,a,j,e,b,h,g,e,h,e,b,e
a,c,e,h,e,a,i,f,e,d,b,a,e,e,g
b,j,d,f,e,f,g,a,d,c,e,b,d,c,e
e,i,j,c,c,g,d,i,c,h,a,b,g,f,d
a,d,a,b,f,d,c,f,c,b,c,e,b,f,e
h,d,b,j,i,d,d,f,i,h,d,a,h,e,f
c,i,h,e,c,c,i,f,c,b,a,d,i,a,a
i,j,a,g,e,h,d,h,j,e,f,e,g,g,g
c,c,j,a,e,f,f,f,c,g,b,c,a,g,e
j,e,h,j,a,g,e,a,j,h,h,f,b,g,i
j,h,f,b,j,i,j,g,g,h,g,h,h,g,f
b,b,d,f,b,g,g,b,i,i,a,g,g,h,f
d,g,i,g,b,g,h,i,e,i,b,e,f,i,b
c,d,c,g,c,g,c,g,e,e,c,c,d,i,a
d,d,i,h,d,j,f,f,b,j,h,h,g,b,a
d,h,h,d,h,g,i,c,g,f,h,b,b,g,f
d,e,i,f,e,j,b,h,j,d,j,e,j,e,e
g,a,d,b,i,i,b,c,i,c,b,g,c,f,h
h,b,g,a,c,g,j,c,a,h,j,e,j,f,h
f,g,e,d,j,e,i,b,j,a,j,j,g,j,j
h,e,c,d,i,e,f,i,b,d,d,h,c,g,h
i,b,g,i,b,i,j,e,b,e,h,b,g,e,j
f,f,f,d,d,i,a,j,c,c,c,b,g,e,a
d,d,d,d,h,j,e,c,b,d,d,j,i,e,j
b,c,j,c,e,b,h,f,b,e,j,h,j,f,b
e,b,e,c,h,i,g,h,f,a,f,d,e,a,d
b,d,d,b,h,e,b,h,g,j,j,b,d,j,c
e,b,j,i,b,e,c,j,j,f,a,i,b,d,b
a,g,d,d,c,b,j,c,d,a,i,b,e,a,d
a,f,g,h,g,h,a,g,j,f,j,h,f,c,d
j,h,h,a,h,f,d,a,g,a,f,c,e,h,g
g,e,e,d,b,d,h,a,i,e,g,b,f,h,a
b,b,c,e,c,h,j,a,e,a,c,g,g,a,j
a,c,b,b,a,g,h,e,g,d,f,i,b,f,j
f,j,f,d,c,c,c,h,d,d,a,c,j,d,g
a,j,b,f,f,b,e,d,c,g,a,j,g,e,e
e,e,j,g,d,b,e,c,e,e,a,j,g,f,c
i,i,e,b,c,e,b,j,h,e,e,e,c,i,g
d,f,e,i,h,b,c,g,d,h,g,f,f,f,a
c,c,e,e,c,d,a,b,d,b,g,a,d,h,i
f,i,i,f,j,e,j,g,e,g,g,d,i,f,f
a,i,j,f,a,b,i,a,c,c,b,i,b,f,i
i,b,h,j,h,g,d,h,a,a,e,b,h,h,a
i,h,f,f,f,c,h,i,g,c,b,g,c,d,d
f,d,d,e,a,a,d,f,h,i,g,j,i,j,b
h,i,j,h,c,a,a,j,e,g,f,e,i,c,i
j,a,c,h,j,c,a,g,c,f,e,d,a,d,d
e,b,j,e,j,d,j,c,j,c,a,h,h,d,j
b,i,d,i,b,a,i,i,d,i,a,d,h,i,e
b,d,a,c,a,h,e,d,g,d,b,g,h,d,i
b,d,i,i,d,e,d,e,j,e,h,c,g,d,g
h,f,f,h,b,e,e,c,f,g,h,c,e,e,c
g,e,h,h,e,j,i,a,b,h,c,b,j,f,a
h,i,b,g,h,d,i,g,a,j,f,a,f,a,e
g,d,e,h,i,i,j,g,a,c,j,i,a,j,f
e,f,h,f,j,i,d,g,f,b,h,d,a,a,f
j,j,d,e,a,a,a,h,g,f,d,b,i,d,e
g,i,c,j,h,d,i,e,j,g,a,j,a,g,b
b,b,h,c,g,i,j,a,h,b,b,e,g,e,j
e,j,c,g,d,h,e,c,h,a,f,a,a,a,e
e,e,h,j,f,b,g,h,h,g,j,e,f,j,a
d,c,e,i,h,e,e,i,a,d,b,b,a,g,i
b,d,j,c,d,d,j,f,g,a,e,f,b,d,b
d,b,a,g,d,d,a,a,f,b,b,i,j,i,c
b,f,e,g,g,h,j,i,g,f,b,g,a,c,j
h,g,c,i,d,a,d,g,d,j,j,h,a,d,f
j,b,a,g,j,a,h,c,a,e,a,d,j,g,j
h,d,d,d,i,i,d,f,i,i,h,d,h,d,a
b,f,d,j,j,b,c,g,c,f,g,h,d,b,h
c,f,e,b,j,d,e,c,a,g,j,e,b,f,f
i,g,j,f,h,j,i,i,a,b,g,d,b,i,a
f,a,a,j,h,b,g,j,j,h,h,j,i,j,b
a,f,f,j,e,f,a,a,c,e,i,g,i,g,i
h,h,j,d,f,f,d,b,h,j,g,f,g,a,j
e,i,f,h,d,c,d,h,f,e,e,a,f,g,c
d,e,i,e,d,d,g,c,g,f,b,g,e,f,a
f,d,j,b,e,i,b,h,h,e,b,e,g,e,d
g,a,b,h,d,b,j,d,c,e,f,f,c,e,d
d,j,h,h,d,d,i,d,a,a,a,g,h,b,a
e,f,i,h,b,e,i,c,g,a,e,e,i,a,j
a,c,a,d,i,a,b,b,c,b,d,g,e,i,c
d,i,i,b,f,f,e,e,d,h,e,h,j,d,d
h,h,e,j,g,h,c,d,i,c,i,c,c,c,j
i,f,d,h,f,g,b,i,j,g,g,a,h,c,h
d,e,i,b,i,a,d,j,j,h,d,g,g,a,j
a,a,i,f,b,i,d,f,g,b,c,a,g,b,g
g,j,f,b,d,e,g,c,c,e,b,e,j,h,c
c,a,f,i,i,f,b,j,d,h,b,h,i,f,c
b,e,j,i,b,f,d,f,c,h,g,f,e,d,a
b,b,h,e,h,e,j,f,g,g,a,d,a,d,c
b,f,h,e,a,a,e,a,f,d,c,f,a,b,g
e,f,g,j,j,h,d,b,c,f,f,g,a,e,d
h,f,i,d,b,j,f,d,i,c,e,c,g,b,b
j,e,b,b,b,h,i,f,j,f,g,f,f,h,d
c,e,c,b,i,j,d,g,a,a,h,h,b,d,i
e,e,c,h,h,j,g,j,i,b,c,h,g,h,c
j,g,g,i,d,h,h,i,d,b,h,f,f,d,b
e,h,c,f,j,j,f,h,f,b,a,i,g,j,e
e,i,g,g,b,c,f,d,j,a,d,i,g,g,i
a,c,g,g,f,g,j,h,i,f,i,j,i,g,d
e,f,b,d,e,h,f,c,i,j,d,d,g,f,d
i,f,g,c,j,b,j,f,h,a,c,f,i,c,c
a,a,j,g,c,f,i,d,c,h,b,b,i,a,b
g,b,i,h,h,h,c,f,d,d,c,b,i,f,e
h,h,j,h,f,h,j,d,h,i,a,g,h,e,c
d,h,i,g,h,i,b,b,f,i,h,h,d,h,c
e,b,j,i,j,d,b,e,d,e,a,i,h,g,i
a,h,j,c,b,b,g,c,a,e,e,b,j,c,d
i,f,g,c,c,d,d,j,h,d,h,e,e,h,i
c,c,c,d,i,e,b,g,j,f,f,h,h,g,g
j,g,c,c,d,a,j,a,b,j,c,d,i,c,j
f,h,c,i,d,h,d,f,e,d,b,j,e,j,h
a,j,h,a,b,b,f,h,j,i,c,h,j,i,b
i,a,c,f,g,c,i,i,g,b,a,c,d,g,a
g,i,e,b,h,g,d,g,d,g,a,i,j,h,g
e,c,b,g,g,b,i,g,h,h,f,f,a,i,a
e,f,a,e,a,f,g,j,f,h,i,d,a,a,c
e,i,i,d,h,a,f,g,g,g,e,d,b,a,c
a,j,b,j,g,f,d,a,d,d,c,b,b,c,g
e,j,d,c,c,c,b,f,j,d,g,j,a,i,g
j,h,e,g,f,c,h,c,e,b,e,b,j,a,h
c,a,c,a,g,g,i,j,a,h,g,b,e,e,b
j,c,j,g,c,e,e,b,h,c,i,c,b,g,b
a,h,j,d,f,b,i,g,h,f,e,i,c,d,d
e,b,i,a,h,i,e,f,e,c,h,g,d,g,g
h,g,a,h,b,g,f,i,e,d,c,c,g,c,b
j,a,d,g,d,c,f,e,d,b,i,f,g,i,h
d,j,h,i,f,a,d,h,c,b,c,j,j,h,a
j,f,i,b,f,d,d,f,j,f,c,e,i,d,i
a,j,a,h,i,b,f,g,c,b,b,f,c,b,j
d,a,f,i,c,g,c,g,h,h,f,e,e,b,e
b,d,f,b,j,a,h,g,a,h,b,h,d,d,a
f,b,a,d,h,b,e,g,g,j,b,j,a,e,b
j,c,d,j,d,h,i,g,f,i,f,i,h,d,f
d,i,j,i,a,a,e,a,c,b,g,f,h,c,a
i,d,c,g,g,j,d,c,b,d,c,d,a,b,f
h,j,f,d,j,h,a,a,g,h,e,i,f,a,d
i,b,b,b,d,c,f,c,j,a,b,f,g,i,f
h,h,f,b,e,j,h,d,i,a,c,b,d,a,e
a,g,j,f,j,i,h,b,h,f,j,j,e,a,h
h,i,d,b,g,j,d,h,a,f,g,c,e,h,h
b,j,b,b,d,h,d,j,j,c,d,a,i,i,g
a,e,j,c,d,a,a,h,b,j,i,d,c,c,c
g,a,b,g,b,b,g,b,g,h,a,c,f,e,b
d,g,j,i,j,e,i,c,h,c,f,j,e,g,f
h,b,g,j,e,h,a,h,i,a,a,e,f,b,c
i,d,h,a,i,c,b,f,c,d,b,g,a,c,j
i,a,c,c,b,f,d,a,g,j,e,c,c,h,c
f,a,c,d,f,a,g,d,f,f,h,c,b,h,b
b,h,b,f,e,a,d,g,d,a,f,e,j,g,i
g,b,c,d,f,i,h,c,c,b,i,c,i,a,b
e,j,j,j,i,f,d,g,h,a,h,c,g,d,c
a,d,i,d,i,j,g,j,a,e,b,b,e,i,d
d,c,b,i,e,b,c,c,b,b,d,c,f,j,j
j,b,g,b,c,a,j,a,c,j,a,c,i,h,i
f,a,j,d,d,a,h,c,i,a,j,f,g,h,j
b,g,a,e,a,g,b,j,h,h,a,i,g,a,b
j,f,d,b,g,c,c,g,h,d,i,j,e,j,i
i,a,e,a,h,d,j,e,f,j,a,d,h,c,i
h,a,b,g,e,a,i,f,b,c,e,d,e,d,i
h,i,g,h,a,b,j,c,j,a,h,d,i,h,h
d,i,a,j,g,b,f,a,a,c,b,j,j,j,d
c,c,g,i,i,i,d,e,h,j,h,e,h,a,e
j,a,c,a,h,g,b,h,a,c,g,j,h,i,a
d,j,i,g,j,j,i,h,i,i,b,f,h,h,d
i,d,d,j,b,f,j,f,f,e,h,f,f,c,h
h,h,d,e,c,g,h,j,b,g,d,j,f,e,d
d,b,f,d,e,a,g,g,j,d,i,d,e,d,d
a,g,d,b,i,f,e,e,d,g,f,h,h,f,c
h,d,a,e,c,b,e,c,d,b,b,a,f,d,d
g,d,h,g,i,f,g,e,g,h,f,b,c,h,d
c,i,h,f,b,b,i,h,b,f,j,f,e,j,i
g,g,b,j,e,f,c,h,j,f,a,f,c,i,j
b,h,g,h,c,i,i,e,i,j,h,a,g,a,g
j,f,j,g,g,c,d,d,c,f,a,b,g,c,h
b,g,i,h,h,e,c,j,g,c,j,h,j,d,h
g,e,f,h,d,a,j,d,h,c,j,c,g,a,b
h,e,j,c,g,i,g,h,h,d,c,i,c,d,g
c,h,j,e,g,c,d,i,i,g,e,f,e,h,c
g,c,d,b,g,i,e,c,d,j,a,c,h,e,e
h,e,h,g,b,j,i,i,a,h,f,d,f,j,g
h,h,c,g,h,g,g,b,e,c,j,b,c,h,a
j,d,e,c,g,e,e,b,a,j,i,h,h,f,i
i,b,g,a,c,a,j,b,c,h,f,h,j,b,d
e,e,d,h,e,e,e,g,d,f,b,f,a,d,h
f,h,j,g,d,b,j,g,i,h,a,d,i,e,e
f,d,e,d,g,j,a,c,d,e,i,i,d,d,c
h,g,d,j,e,c,f,g,j,d,e,g,f,c,b
b,a,f,g,h,i,h,g,b,j,e,a,i,f,g
b,b,e,b,b,b,i,j,h,g,i,a,g,d,i
g,i,b,b,d,h,c,h,e,g,j,e,c,h,j
g,i,e,c,c,f,a,e,f,j,i,i,j,j,j
c,a,i,c,c,g,f,b,c,a,d,j,b,c,i
j,f,d,g,c,a,d,g,j,i,h,e,b,d,e
g,e,h,e,a,d,f,a,d,a,a,j,g,g,h
c,f,g,f,i,g,d,b,h,f,i,d,f,a,c
j,g,c,a,i,f,b,i,c,e,h,g,a,i,j
j,f,d,h,g,f,g,e,d,c,c,f,f,d,j
g,e,a,g,i,e,g,h,h,c,d,j,j,a,h
f,h,c,h,j,f,h,g,f,j,b,f,b,b,c
d,f,e,g,g,e,g,e,f,i,c,d,e,e,j
c,h,d,d,d,e,g,e,h,e,d,a,e,f,c
i,d,g,h,i,g,j,j,j,a,g,e,e,b,e
j,b,a,j,e,e,a,c,b,d,b,i,h,h,a
a,j,c,h,g,c,f,b,b,j,e,b,f,f,h
a,j,c,a,i,c,i,j,e,i,i,g,g,j,c
d,h,c,a,h,j,g,e,i,e,a,d,a,c,f
c,j,j,f,e,b,f,a,i,h,g,g,j,c,j
b,f,d,i,c,e,e,i,i,j,c,b,c,f,f
i,i,b,g,e,a,c,a,d,a,b,g,c,a,h
j,i,a,g,f,j,i,c,b,j,g,d,e,i,i
c,i,i,f,d,a,g,i,d,f,d,c,f,f,a
a,c,g,a,g,d,e,d,b,h,a,j,i,i,h
b,h,f,e,b,a,h,b,h,d,g,b,f,h,a
g,e,a,f,a,b,f,b,d,a,d,d,e,j,i
f,e,h,c,d,a,g,f,e,i,f,g,g,e,a
a,g,i,b,h,h,g,a,e,d,g,f,f,f,f
f,j,h,f,e,c,c,d,i,d,j,f,d,b,i
g,h,c,f,b,f,d,c,i,c,g,b,g,f,g
h,a,a,d,j,j,i,b,e,d,g,d,i,i,g
g,h,d,j,c,h,g,f,c,i,b,g,g,d,f
h,g,a,b,f,g,e,d,g,a,e,a,e,e,f
i,c,h,c,b,g,d,g,b,b,h,c,a,i,b
f,e,f,g,a,b,a,i,a,d,h,a,f,c,a
h,f,d,b,a,a,i,h,a,h,h,e,h,a,e
e,h,g,b,h,j,d,e,d,g,b,f,f,b,a
a,e,h,a,a,e,c,e,i,h,g,b,j,h,c
c,a,e,b,g,f,j,j,a,j,h,a,c,i,b
h,c,e,a,h,h,c,d,e,f,d,i,j,j,d
b,i,c,d,c,j,c,d,g,h,b,a,g,c,g
b,h,f,i,b,j,g,f,i,i,h,d,a,b,h
c,e,a,a,f,i,e,e,b,c,h,h,a,f,g
i,a,g,e,c,h,b,b,c,b,g,b,a,g,h
h,b,c,b,g,j,c,a,i,h,c,c,g,c,c
f,g,c,a,j,j,f,a,d,h,j,b,g,j,i
i,b,f,b,g,b,j,b,e,h,c,a,a,a,h
d,a,h,b,a,d,g,h,f,d,f,a,e,h,e
d,i,d,b,e,d,a,e,b,b,b,i,d,j,e
j,e,j,g,d,d,i,a,f,a,g,g,d,e,g
b,j,f,d,f,j,d,j,f,h,e,c,h,b,a
g,e,h,h,f,h,j,i,g,d,i,j,c,d,c
b,f,c,d,i,a,i,d,e,g,h,f,h,j,a
i,e,g,h,j,f,f,d,e,h,f,e,i,d,i
d,b,e,i,i,a,d,d,c,j,f,f,i,c,d
h,i,e,d,c,j,a,f,d,h,h,b,h,h,g
g,i,j,b,d,h,i,h,j,c,j,c,c,c,e
c,f,e,i,g,d,a,b,h,c,h,j,d,d,g
e,d,c,c,i,j,j,e,d,j,h,d,e,g,d
a,e,g,i,b,j,a,d,j,c,i,j,e,e,d
g,i,h,d,j,i,h,e,j,i,a,g,c,f,b
d,j,g,g,e,b,g,g,c,d,j,f,j,h,e
h,j,g,b,a,a,c,h,j,b,j,g,b,f,e
f,b,j,j,i,h,a,i,d,e,i,g,i,a,a
j,h,a,j,d,f,g,h,e,h,h,j,a,c,d
j,h,c,j,c,j,b,h,h,i,d,g,i,g,h
j,f,e,a,j,j,e,g,f,i,b,j,c,c,j
i,f,c,e,c,i,c,g,e,a,j,a,f,i,a
g,i,a,c,f,g,j,i,j,f,h,h,i,a,b
i,e,a,d,j,g,j,h,b,h,b,i,f,e,b
e,a,g,f,g,a,b,d,g,e,j,e,b,i,f
e,d,b,e,e,e,f,d,c,h,h,h,b,c,h
d,j,b,h,f,d,b,c,a,i,a,d,f,c,h
d,e,g,a,i,h,j,d,c,d,d,h,b,c,d
h,f,d,d,d,b,j,i,j,h,g,f,c,e,f
b,i,f,g,f,e,d,j,c,h,d,b,b,h,e
c,g,a,h,f,h,b,i,c,b,d,f,j,g,a
e,e,g,d,a,g,f,a,c,f,j,e,f,e,j
i,b,g,a,h,d,i,c,f,d,a,h,b,f,h
h,d,a,e,c,g,f,j,j,j,d,d,b,i,e
i,j,j,i,g,e,h,e,j,d,e,a,j,j,h
e,d,b,d,j,b,f,d,f,h,j,b,j,h,i
e,d,i,i,d,j,b,j,b,i,g,f,e,h,i
f,g,a,e,g,d,j,a,a,g,a,g,a,c,f
f,d,g,c,a,j,e,j,j,f,f,f,a,i,e
a,e,a,h,i,c,a,a,e,f,c,g,e,a,c
a,d,c,g,c,c,i,g,j,i,a,h,h,a,c
b,e,e,a,j,f,h,a,i,a,a,e,f,j,g
a,h,d,c,g,f,a,h,d,b,d,c,d,b,g
h,c,h,a,g,j,h,b,j,d,f,f,j,c,a
b,h,i,d,b,c,g,g,c,c,c,d,b,i,i
c,i,f,d,h,e,i,j,g,b,d,i,g,a,e
i,f,i,c,h,c,c,f,g,f,i,g,i,i,i
h,h,g,i,c,b,b,e,b,j,d,h,d,f,c
i,f,i,d,g,i,g,a,a,a,g,f,h,e,b
e,e,b,i,j,h,b,j,f,i,i,j,c,g,c
c,h,b,a,e,b,h,e,c,j,e,i,i,j,c
e,d,d,f,d,c,a,f,j,a,c,j,i,h,a
d,b,h,d,f,c,i,c,c,d,b,j,d,b,f
f,j,c,h,j,j,c,g,g,d,i,i,b,g,b
h,c,d,g,h,h,h,f,c,h,j,h,j,f,c
b,g,e,d,i,a,e,j,b,d,b,i,a,e,e
f,b,b,b,a,b,c,e,b,e,b,b,b,h,j
j,c,i,j,e,i,i,e,d,c,b,f,a,c,i
i,b,h,c,i,c,e,a,h,g,d,i,e,f,g
i,b,j,a,a,f,d,i,b,j,d,i,c,d,j
g,b,e,j,c,h,c,j,b,a,g,e,j,g,h
g,e,g,a,j,f,d,g,g,j,a,h,h,c,c
h,j,j,a,b,g,g,e,g,f,c,f,i,b,f
h,g,b,e,g,i,f,a,h,c,f,g,c,a,d
g,a,h,h,g,j,j,f,h,a,e,h,i,a,j
f,d,f,f,c,b,i,g,g,f,b,g,e,c,b
g,c,a,a,h,b,c,b,d,j,f,h,j,f,f
b,d,g,d,i,i,h,i,e,i,i,e,h,f,a
a,a,a,d,a,d,f,h,d,g,g,a,h,j,c
h,d,g,g,a,h,j,j,e,i,j,c,i,b,e
c,j,h,a,g,a,i,g,j,j,d,f,e,a,c
d,b,i,d,c,d,c,g,b,c,h,i,d,c,d
e,a,d,h,i,j,d,g,f,b,b,c,a,j,a
b,c,j,j,h,a,a,h,c,c,g,a,j,h,a
h,h,j,e,h,h,c,g,c,f,h,d,h,g,c
f,j,g,d,b,c,h,h,i,i,j,c,d,b,g
c,c,d,c,b,c,j,a,a,a,b,d,d,a,i
h,d,j,j,g,i,i,a,f,d,c,b,f,a,g
d,c,c,f,h,f,b,e,g,b,a,a,a,e,h
g,b,e,b,c,a,e,f,d,e,g,d,i,e,g
e,j,i,f,f,a,d,j,g,g,g,e,h,a,g
g,e,b,b,h,e,h,c,i,f,e,g,h,e,b
a,f,i,b,e,d,g,j,i,a,j,d,c,f,g
c,j,a,a,h,c,c,d,i,f,h,f,c,f,i
f,i,j,h,f,f,g,g,f,g,d,j,h,e,b
f,h,f,a,b,f,f,j,a,e,c,c,b,i,g
e,i,b,f,j,j,f,e,j,j,b,j,a,h,c
f,d,d,a,c,i,g,d,a,e,i,g,c,f,g
j,e,a,j,e,h,j,g,d,e,h,j,d,a,g
i,i,b,f,j,c,d,e,h,d,e,g,g,c,h
c,i,j,g,b,j,j,g,f,g,a,b,a,i,e
h,g,j,c,h,g,g,d,j,e,d,a,h,b,d
c,e,b,c,h,f,g,i,b,g,i,g,f,b,i
b,d,g,d,f,c,e,g,f,h,h,g,c,b,f
b,i,h,h,h,j,g,f,j,f,c,g,i,d,h
f,d,b,c,d,j,a,e,f,h,g,i,i,c,b
c,h,g,b,e,g,i,h,d,a,e,c,h,f,j
e,i,a,g,b,h,d,f,g,a,g,c,h,g,j
b,b,d,b,g,f,j,d,b,e,h,f,j,j,j
c,e,j,h,a,j,c,f,d,g,i,e,e,f,h
d,c,c,i,e,d,g,j,d,e,a,c,d,e,a
f,d,f,g,d,c,c,i,j,i,d,c,a,f,a
d,d,f,d,c,g,b,g,b,c,j,c,j,c,d
j,g,i,b,g,c,g,b,a,b,j,b,a,a,j
b,a,b,j,j,d,d,i,i,a,f,f,d,j,f
d,i,f,g,i,g,g,i,g,c,a,a,d,h,d
f,c,j,j,c,b,j,h,i,h,j,d,e,h,e
b,d,c,b,h,i,a,b,c,g,b,f,h,e,e
c,e,e,j,d,d,j,e,j,c,f,j,f,b,i
g,f,h,j,i,i,i,b,j,d,h,c,b,f,a
f,f,b,c,i,j,g,h,f,b,f,e,a,j,j
i,f,a,a,c,c,d,e,j,a,f,h,d,g,a
a,f,d,c,h,e,b,j,g,f,g,g,d,a,j
c,h,a,a,f,j,g,e,c,j,f,j,b,a,a
g,a,h,h,c,e,g,g,c,a,g,e,b,a,a
e,b,d,c,f,a,c,i,f,h,g,i,e,a,e
e,j,e,d,c,c,f,b,b,i,h,g,i,j,g
c,j,e,h,h,b,e,b,a,a,j,e,g,h,c
a,d,i,h,g,e,f,j,e,i,f,a,c,h,h
a,f,a,f,f,h,a,j,f,c,c,g,g,f,i
j,j,d,c,f,e,d,j,c,e,g,c,f,a,c
i,c,c,b,h,j,j,c,c,j,b,c,j,b,i
g,c,j,b,d,g,h,i,a,d,e,f,h,d,d
i,b,b,a,j,d,d,h,c,j,j,b,d,j,i
h,g,d,h,c,i,b,d,e,h,e,d,g,a,c
a,d,i,d,e,a,j,f,a,d,b,c,e,d,e
f,f,a,b,f,i,f,h,e,i,g,e,f,c,f
c,j,j,i,h,d,g,e,f,f,g,b,b,g,c
d,i,b,b,b,i,i,a,e,j,a,e,h,b,i
e,j,g,c,d,a,d,h,j,a,h,a,b,j,b
g,j,i,d,f,d,g,i,i,j,a,c,e,c,h
d,e,e,a,i,b,c,h,j,a,g,b,c,b,a
h,f,a,f,j,e,e,d,b,d,g,j,h,e,e
a,d,d,h,g,i,f,c,c,e,f,i,e,j,c
f,f,j,e,f,g,g,g,c,b,h,i,i,h,g
a,a,c,d,g,i,f,h,b,j,j,h,i,f,h
e,d,a,b,j,g,a,a,e,d,i,b,h,i,e
e,d,b,b,g,e,c,b,j,e,h,c,d,f,g
b,h,j,j,a,a,e,e,a,f,a,d,j,b,b
d,j,b,b,d,j,f,f,a,a,d,i,i,d,h
e,d,f,b,g,e,a,i,d,j,a,e,c,j,e
e,b,i,f,h,h,a,g,b,f,i,f,g,g,j
g,d,h,g,f,c,a,b,c,g,a,j,c,c,b
c,b,e,e,c,c,g,d,g,a,c,h,d,i,f
e,g,i,c,b,d,i,b,j,f,h,i,j,h,d
b,b,b,h,a,f,d,a,a,c,d,i,g,a,a
c,f,b,i,g,g,g,c,b,c,e,i,b,h,i
e,j,i,e,f,h,i,g,b,f,b,g,h,f,a
e,f,g,f,a,g,c,d,f,a,a,a,c,h,i
d,h,d,i,j,b,b,e,d,f,b,e,b,a,i
f,c,h,h,c,i,g,e,c,i,a,b,e,i,a
f,d,d,b,b,f,c,h,c,e,h,h,h,h,f
f,d,f,j,i,h,h,d,c,b,b,h,a,j,g
g,h,i,f,c,b,e,c,j,i,i,a,i,i,j
i,c,i,e,a,g,e,d,a,h,a,h,j,j,j
g,e,h,h,b,j,i,d,c,h,a,g,d,h,a
c,e,j,f,f,g,a,c,i,h,c,f,i,c,f
c,h,i,j,f,e,e,j,h,f,a,h,a,i,a
j,i,b,f,a,h,b,f,b,i,g,j,j,e,f
b,f,d,h,h,b,g,a,e,a,i,h,f,f,i
c,j,d,e,g,c,e,a,b,a,i,f,j,d,f
d,h,h,j,d,h,c,h,i,d,h,a,g,e,i
g,g,a,j,e,j,d,i,h,c,c,i,b,e,j
e,b,f,a,a,f,d,a,b,c,b,h,c,f,b
f,h,i,a,f,i,g,g,j,d,b,e,d,f,h
h,h,g,b,a,f,e,c,a,i,i,g,c,a,f
e,a,c,g,j,b,j,g,h,b,j,c,d,c,j
i,b,j,f,j,h,i,d,b,j,g,g,j,i,e
d,a,h,h,g,h,j,b,c,i,h,c,e,j,h
a,j,f,c,j,d,b,e,b,j,h,g,i,d,h
j,c,d,c,c,i,d,h,h,i,i,b,f,j,d
c,e,j,d,j,i,g,f,f,h,b,c,h,e,d
b,i,c,e,i,j,f,c,e,a,j,i,i,a,j
g,c,g,j,c,a,j,a,d,j,f,h,i,j,g
a,e,i,h,b,h,j,i,c,j,b,b,d,b,a
i,g,g,c,e,a,d,d,b,a,b,j,c,d,j
i,g,i,h,e,c,i,a,g,j,c,g,g,i,g
a,i,b,e,e,a,g,j,f,d,h,a,j,f,j
h,d,d,b,e,d,i,h,i,a,d,f,g,a,c
i,c,f,c,c,g,j,g,c,d,f,j,b,g,e
f,c,h,g,b,b,c,e,i,c,i,h,j,g,e
i,f,a,i,f,f,h,e,f,e,d,f,h,f,a
e,a,j,d,c,j,c,h,d,b,b,f,a,a,g
h,f,f,b,c,b,c,g,j,i,i,e,h,b,h
e,e,g,i,e,i,a,f,e,a,g,g,g,g,e
h,e,e,f,a,h,i,a,d,h,h,i,e,f,j
h,d,h,h,d,g,d,h,d,f,h,e,f,j,f
j,h,d,a,g,g,e,g,j,h,j,j,b,h,h
h,a,e,a,f,a,e,e,d,f,h,e,i,a,i
c,j,a,i,a,b,i,h,f,h,a,a,e,e,d
f,h,h,d,a,a,c,e,c,b,j,g,a,j,h
e,c,e,i,c,e,j,g,d,g,f,d,h,d,e
c,a,g,a,i,b,j,d,c,h,c,j,a,d,i
g,j,d,c,g,c,i,j,j,i,b,b,i,e,b
g,e,e,b,f,a,d,a,f,c,e,e,j,e,h
a,j,e,i,c,i,a,c,c,g,c,f,d,f,d
f,j,d,h,e,i,g,h,f,a,b,b,g,f,h
c,g,b,c,a,g,j,e,g,j,f,i,e,j,a
g,i,d,a,e,j,e,f,i,h,b,i,j,e,f
e,a,h,i,b,a,e,e,j,i,e,b,c,i,c
i,j,h,h,f,c,a,b,a,f,f,c,b,f,a
c,e,d,d,c,j,d,a,a,a,f,a,g,g,e
j,c,f,b,i,f,c,g,b,d,e,e,j,d,g
e,f,c,a,b,h,a,g,f,a,a,i,d,i,j
f,d,f,i,i,i,a,f,f,g,h,f,c,h,h
d,j,c,e,h,d,g,b,h,b,c,c,g,g,j
i,g,i,h,f,d,g,g,c,f,e,b,h,c,c
f,j,h,a,h,a,c,a,d,e,j,f,g,h,i
g,e,d,e,h,a,e,a,b,a,d,i,f,b,c
f,d,a,a,b,j,b,e,i,b,d,j,i,d,d
d,e,j,b,a,b,i,i,g,c,i,d,d,g,a
d,b,b,j,j,d,e,c,h,h,d,e,e,e,e
i,g,d,c,d,h,f,c,g,j,f,a,a,d,j
e,g,f,e,h,b,b,j,f,g,b,i,j,a,f
d,e,i,c,h,h,c,a,a,c,a,c,i,d,j
i,a,j,c,c,b,h,f,e,e,c,i,e,f,c
g,h,f,j,g,d,i,i,c,h,i,c,g,b,d
b,a,i,c,e,c,b,d,c,i,d,b,e,j,b
e,d,h,c,f,g,f,j,i,i,a,b,i,c,g
c,j,c,g,b,h,a,h,g,b,a,h,c,f,j
i,d,i,b,g,c,j,a,h,j,d,b,g,h,d
b,c,f,b,i,f,a,b,g,d,i,f,j,h,i
d,e,h,d,i,c,b,h,g,g,f,b,e,g,i
h,i,a,b,g,b,d,d,e,e,b,c,f,g,h
f,d,i,g,d,f,e,a,j,j,b,e,f,f,f
f,d,f,d,f,c,j,e,a,h,h,i,a,h,d
h,d,d,g,d,i,h,c,b,h,d,c,i,h,g
j,c,f,i,d,i,c,i,h,j,b,b,a,f,c
a,i,a,b,g,j,i,j,g,i,j,h,f,j,c
g,h,i,d,c,b,f,c,f,c,i,c,j,c,d
e,d,a,i,a,i,c,d,a,f,d,d,f,h,a
e,j,i,g,f,e,i,i,a,i,b,h,b,g,d
h,c,a,c,e,g,b,b,f,f,j,g,e,a,j
f,h,g,e,g,j,c,i,c,h,f,i,j,f,j
h,d,b,d,b,h,e,h,i,h,h,a,i,a,c
f,d,i,f,c,j,c,i,c,i,a,d,b,h,g
h,e,a,i,i,h,i,j,c,g,a,e,h,c,j
a,a,f,j,d,f,j,j,h,a,a,a,e,i,b
d,f,j,e,f,j,c,b,b,f,d,c,d,c,a
b,h,g,e,f,d,a,j,i,h,c,h,j,e,j
a,a,j,a,a,g,j,e,e,a,h,c,f,g,b
i,d,i,d,i,d,g,d,i,c,j,a,e,a,j
j,a,b,c,j,j,f,i,g,b,h,j,i,d,g
f,a,f,b,e,j,f,a,c,j,a,c,i,j,i
a,h,e,i,h,f,g,j,g,a,b,d,f,h,a
j,j,i,d,g,a,h,i,g,g,g,i,a,a,g
c,d,h,c,a,c,h,d,e,a,f,h,e,c,g
i,g,h,b,i,b,a,c,a,a,f,a,e,j,f
j,d,c,h,f,c,f,i,f,b,i,i,a,c,d
c,g,a,b,i,a,g,d,d,f,i,j,e,c,j
h,a,c,e,j,g,h,h,i,i,b,a,e,i,c
h,f,c,b,a,i,d,h,g,i,b,b,g,e,e
h,a,c,f,d,d,h,b,a,i,h,a,e,f,h
a,a,f,d,h,f,i,e,b,e,a,a,e,j,g
b,f,b,h,h,b,c,d,b,g,h,b,d,d,i
j,j,h,c,d,c,e,f,j,b,a,b,a,f,c
g,e,b,a,i,g,g,d,j,d,g,g,d,f,g
d,e,i,h,g,a,b,j,f,i,f,g,d,c,d
h,c,a,b,h,c,f,g,g,i,e,b,c,d,h
a,i,b,e,d,e,c,h,h,b,c,d,b,f,i
d,b,g,c,e,e,i,d,h,e,h,d,e,h,i
b,d,i,i,i,j,g,h,a,b,a,e,i,j,d
d,a,b,b,h,g,d,c,a,f,b,d,a,e,h
f,j,j,d,f,f,i,g,h,b,b,e,b,i,c
j,b,d,h,f,h,b,c,i,f,j,i,j,j,d
b,a,j,a,h,j,f,e,i,i,h,e,j,g,f
b,j,b,b,b,g,f,f,a,f,j,e,c,c,b
b,f,h,f,b,c,h,a,c,h,a,b,g,a,j
j,c,d,c,g,e,i,b,b,e,d,h,e,b,b
e,j,j,c,a,b,j,i,g,b,d,e,b,b,b
i,h,d,d,d,c,i,g,c,a,j,c,e,d,f
a,d,a,h,i,a,h,g,d,a,a,g,b,h,e
f,j,d,b,d,f,i,h,j,b,h,f,c,g,e
j,b,j,b,i,e,a,i,g,h,a,e,h,h,g
b,d,g,g,g,h,f,e,c,a,f,j,e,a,h
g,h,c,b,h,j,g,d,f,b,c,b,d,f,c
c,g,j,f,e,b,g,g,h,g,i,h,c,f,h
d,a,a,a,f,g,b,f,b,d,e,d,c,e,a
b,h,j,c,g,a,g,h,g,e,i,j,b,f,g
e,i,d,d,g,g,g,c,a,e,h,g,c,i,h
b,g,b,d,i,i,d,h,b,h,h,h,d,d,g
f,a,c,j,e,h,g,e,a,b,h,b,e,j,g
d,d,d,b,f,a,h,b,a,d,a,a,b,c,f
b,c,b,h,i,h,i,c,a,f,h,c,g,g,e
d,b,c,a,c,h,g,c,e,e,e,e,h,e,h
b,c,f,f,h,c,i,g,b,b,i,h,g,e,e
g,j,c,b,a,f,b,g,a,i,d,e,h,h,f
e,e,e,f,b,b,c,i,i,j,f,i,e,c,g
b,j,h,b,g,j,c,i,g,h,h,h,j,c,f
c,f,h,g,c,j,h,j,f,j,g,f,h,f,b
c,a,e,h,g,b,h,i,j,f,d,b,g,i,c
b,b,e,h,g,a,j,g,b,a,a,b,i,h,a
c,e,h,d,c,c,h,e,i,g,e,g,f,c,i
a,a,b,g,e,b,e,c,d,j,j,e,f,g,b
g,i,e,h,c,d,e,f,e,b,j,b,e,d,d
i,f,a,f,b,g,j,j,h,f,g,e,f,h,i
j,f,e,b,f,c,a,j,c,a,c,h,a,d,d
a,c,j,i,j,f,j,f,d,d,i,d,e,h,f
i,f,i,j,i,f,h,g,e,f,c,e,c,e,d
j,j,i,a,b,d,h,a,b,g,e,i,e,d,e
b,g,e,d,e,d,j,c,h,d,f,h,g,i,d
b,d,a,c,h,i,f,g,f,i,h,f,f,d,g
b,e,h,h,b,a,i,f,c,a,b,h,j,j,a
c,e,b,a,f,d,e,i,d,h,g,c,i,f,e
i,e,d,d,d,a,d,c,h,e,j,a,d,c,j
h,b,c,d,j,b,i,h,c,g,g,f,i,g,i
h,b,a,a,a,f,g,i,e,g,a,d,d,c,f
a,j,f,j,i,f,f,f,h,d,g,i,g,h,c
g,c,c,i,j,e,b,e,j,h,d,b,g,d,h
i,e,h,f,j,a,a,d,j,a,d,b,d,h,c
e,c,i,j,e,g,c,g,j,h,i,h,e,d,d
g,d,g,h,e,a,h,h,a,f,d,g,j,e,h
g,h,c,j,b,i,i,d,b,h,d,e,a,d,i
j,a,j,h,j,f,j,a,g,d,c,h,j,b,j
a,j,a,g,i,h,a,i,c,i,h,c,i,h,g
g,e,c,j,i,d,d,j,e,j,i,h,j,c,i
i,e,g,c,c,g,j,b,h,b,e,c,f,e,i
g,c,g,h,j,g,b,c,f,c,g,i,d,j,h
g,j,a,e,d,c,i,d,b,a,j,d,g,i,c
e,e,a,d,c,g,e,c,d,e,c,h,e,i,a
d,b,a,d,d,e,c,d,a,g,j,d,e,e,a
b,e,i,h,h,i,j,j,i,c,h,a,b,j,h
f,a,c,j,b,a,g,i,f,c,j,h,e,a,i
c,d,d,a,b,a,f,a,d,a,c,e,i,i,h
a,j,b,f,a,a,b,f,c,i,g,c,i,g,c
h,e,g,b,g,b,j,e,b,c,a,e,c,b,f
h,j,f,g,a,i,j,h,i,i,c,i,a,j,j
d,j,d,c,g,e,j,e,d,g,d,b,b,i,b
e,b,c,c,d,g,a,j,j,a,b,i,h,i,h
e,a,j,e,b,h,i,i,c,h,d,e,a,j,j
c,g,i,e,a,i,h,b,i,e,d,f,d,b,e
f,g,i,c,d,h,e,a,c,b,h,f,g,j,a
f,i,d,e,e,d,j,c,a,h,g,d,j,i,i
d,h,g,c,j,e,h,h,a,g,b,f,j,a,g
j,j,h,d,c,j,e,g,f,g,c,b,g,j,h
h,b,b,g,d,h,f,f,h,f,c,a,f,h,h
g,i,e,g,h,g,i,e,g,d,e,e,e,e,b
d,j,j,i,e,b,c,a,g,a,a,b,a,d,d
e,g,d,g,f,a,d,c,a,e,b,d,c,j,c
d,g,a,g,c,c,a,a,g,c,b,c,g,e,e
c,c,a,b,b,a,j,a,c,f,f,f,c,b,d
c,j,e,g,d,f,a,d,e,f,j,b,c,g,d
j,i,e,g,d,d,h,f,a,e,c,g,d,j,g
f,c,e,j,a,c,d,i,i,e,j,e,d,c,a
h,g,c,a,g,a,d,g,e,g,a,j,e,c,f
c,a,f,j,i,j,a,g,g,e,e,h,i,d,i
c,d,d,e,h,b,j,e,j,a,g,b,g,d,f
e,f,i,b,c,e,g,a,c,j,h,h,b,a,h
d,e,c,c,c,g,i,i,a,e,a,e,g,h,g
c,i,d,e,h,c,j,i,e,e,d,d,h,a,f
b,b,i,j,f,c,g,g,c,i,d,c,b,c,h
j,e,b,j,c,h,g,f,f,e,j,h,b,c,d
e,c,f,d,d,h,e,f,d,f,h,c,d,j,e
h,h,f,f,e,e,g,b,i,i,a,g,e,g,c
f,b,j,b,f,h,b,i,d,j,g,c,b,h,a
i,d,b,d,h,b,d,d,h,h,j,f,j,f,j
f,i,j,j,g,i,j,b,b,c,a,i,c,b,h
i,g,c,f,d,h,f,f,b,a,h,h,c,a,f
a,g,d,h,d,d,d,a,f,e,a,d,c,e,j
i,h,e,b,f,d,h,c,a,i,f,c,f,b,f
f,c,b,j,e,f,h,b,a,f,c,e,d,i,h
i,d,e,f,e,j,d,d,i,d,b,f,f,b,g
h,d,c,e,b,a,i,h,j,f,d,d,b,f,c
e,h,f,e,e,h,d,j,d,b,g,j,d,d,h
g,i,h,e,i,g,g,b,d,d,b,b,f,i,g
j,e,h,f,d,e,i,c,j,j,a,i,i,c,c
d,g,e,b,j,a,i,e,f,c,a,b,c,d,a
i,d,c,b,c,a,c,b,h,i,b,b,h,e,j
c,b,j,f,i,d,d,c,g,f,e,i,i,c,c
a,e,c,d,i,d,f,i,g,d,b,f,j,g,i
c,j,g,j,h,b,a,f,d,c,a,d,i,a,c
c,i,c,e,a,f,d,c,h,d,f,e,c,i,d
a,d,e,h,a,e,j,b,d,c,g,b,a,d,f
f,h,c,i,h,i,b,e,g,e,d,j,f,g,e
c,j,j,g,d,g,i,c,c,j,i,f,f,h,e
a,j,i,e,f,d,a,a,b,b,a,c,g,f,d
e,a,e,e,c,g,i,a,a,g,i,i,a,h,a
h,j,f,f,e,b,a,a,j,d,j,g,g,h,e
f,j,f,d,d,b,h,g,i,e,b,g,g,j,j
j,j,g,h,g,b,h,g,i,g,i,g,e,b,f
a,h,j,f,b,h,f,b,b,d,a,c,e,g,d
j,j,a,d,b,e,h,f,j,g,j,f,i,a,e
h,a,g,j,c,a,c,c,c,d,c,d,h,i,g
i,f,b,g,b,f,f,c,a,h,j,a,a,d,j
c,d,f,c,i,a,c,f,c,f,f,h,g,g,i
i,i,h,f,b,g,a,j,d,g,i,g,i,c,h
a,e,h,b,j,g,e,g,b,e,j,j,i,b,g
i,g,e,j,j,b,g,h,b,e,c,h,i,h,g
a,i,e,e,a,e,f,e,b,d,i,a,b,i,i
g,b,b,e,c,f,b,g,b,b,f,c,j,a,c
b,e,f,d,g,h,j,e,j,i,h,j,f,i,d
c,b,i,d,d,h,d,a,c,j,h,h,f,b,j
i,a,c,e,j,d,f,i,h,f,j,b,c,i,j
f,c,b,a,a,e,e,e,a,i,j,a,c,j,b
e,j,d,b,a,f,g,a,d,f,f,b,i,h,c
c,g,i,g,b,g,i,c,b,a,g,h,a,g,j
b,d,j,c,e,f,h,b,f,g,d,g,g,e,b
e,a,f,f,c,e,a,f,c,b,j,j,b,j,i
h,f,e,c,i,c,j,g,c,e,d,i,g,i,i
h,j,c,c,h,a,g,b,a,i,j,i,h,h,i
a,j,b,j,h,e,e,i,e,h,d,j,f,c,d
i,d,f,i,c,e,c,j,j,j,e,c,j,b,g
a,f,e,f,c,g,i,j,e,a,j,b,a,a,e
b,g,h,f,c,e,d,a,h,a,h,e,c,g,d
c,d,h,h,b,a,a,d,j,i,h,b,e,h,h
c,d,i,g,g,i,e,b,b,g,j,a,b,f,j
f,e,j,f,i,c,f,h,e,i,j,j,g,b,b
c,c,h,h,e,c,g,j,h,a,i,i,h,a,c
b,d,a,d,j,i,g,h,c,b,h,d,b,g,e
b,f,g,a,d,d,b,f,i,i,j,g,d,b,h
h,i,a,e,e,c,a,j,b,c,a,g,j,f,f
g,j,e,c,f,j,b,a,g,j,d,e,a,j,b
a,g,i,h,a,d,g,e,d,h,j,a,a,b,d
c,d,a,g,e,e,c,i,d,d,c,h,b,c,a
j,a,a,c,h,g,g,g,c,b,j,g,e,c,d
b,e,e,a,j,a,g,g,e,b,e,a,f,h,j
e,i,a,h,i,e,e,c,c,d,g,f,b,e,i
h,g,j,f,e,h,a,d,f,e,e,c,e,d,b
b,f,h,i,g,f,d,d,i,e,e,g,c,i,a
f,b,e,a,b,a,d,h,c,j,g,i,f,g,h
b,e,b,b,g,a,c,a,a,g,f,e,b,h,a
c,j,f,c,b,g,d,f,c,g,e,h,g,a,h
b,h,b,f,h,f,c,b,i,f,i,c,d,h,h
b,c,b,j,g,i,e,i,i,d,g,g,g,h,d
g,h,c,i,i,g,g,a,j,g,a,h,i,d,i
h,a,c,e,g,d,d,a,h,i,i,j,i,j,g
i,i,d,g,b,d,i,h,f,g,i,f,j,b,d
d,i,h,i,i,c,a,i,c,e,b,j,h,c,i
a,f,h,a,g,h,i,a,c,f,i,e,g,h,f
e,a,a,h,b,d,d,d,j,d,d,j,f,a,a
h,c,c,b,c,f,i,f,c,b,h,c,h,f,i
b,j,c,i,d,h,g,h,a,f,a,e,h,f,f
f,i,i,i,a,e,a,a,h,j,h,h,d,i,e
g,e,i,d,b,d,f,b,g,j,h,c,h,b,c
h,g,i,f,a,i,h,j,c,f,f,a,j,d,i
d,g,c,c,d,j,j,h,c,d,a,e,i,j,h
h,d,a,a,e,j,g,a,g,i,g,j,a,d,a
j,f,a,f,j,e,d,a,d,c,g,d,f,g,g
i,e,g,d,a,f,b,f,h,h,g,h,g,g,i
j,b,i,e,j,d,h,b,j,d,d,j,b,g,f
a,e,d,h,h,h,f,f,c,h,c,j,f,j,a
h,e,i,g,j,i,i,j,g,e,h,g,b,e,h
g,c,j,f,e,f,i,j,i,h,g,d,f,i,e
b,c,h,g,i,g,g,f,g,e,j,h,b,g,d
g,b,i,a,b,h,d,c,c,b,i,j,g,h,i
f,e,j,a,d,i,a,i,d,i,f,b,i,i,i
b,f,i,j,c,h,f,i,f,c,g,h,i,h,e
i,e,a,a,b,h,i,j,d,c,j,i,e,d,d
g,a,a,j,f,b,f,h,j,b,b,g,d,f,a
f,g,c,a,a,h,h,h,e,j,g,b,j,e,g
e,b,j,d,j,i,a,i,h,a,g,e,i,f,e
e,e,g,c,g,j,b,b,g,h,c,g,j,e,j
j,a,a,g,g,c,j,e,g,f,a,g,d,j,a
f,h,g,i,b,a,a,f,a,a,h,g,j,j,g
e,e,a,c,h,e,c,c,e,h,h,j,g,b,b
h,g,f,e,a,i,e,j,h,c,c,d,f,a,f
h,i,a,e,d,j,e,i,g,e,a,a,a,c,f
f,c,f,f,j,c,c,f,c,j,b,f,d,e,j
a,b,d,d,a,c,c,i,a,g,i,d,h,b,a
i,f,b,c,h,c,b,d,a,d,g,i,h,h,f
a,h,c,h,b,a,g,f,e,i,d,d,j,h,c
c,g,f,d,h,c,i,i,j,c,b,d,g,a,h
f,c,d,d,j,j,d,a,a,a,f,c,j,d,e
d,a,c,f,a,b,e,f,a,d,c,d,c,e,j
h,h,h,g,g,d,h,h,b,e,a,b,j,a,d
j,c,e,b,e,j,e,g,d,d,d,i,h,g,b
f,h,d,i,e,f,i,g,g,i,f,f,f,a,c
f,d,c,i,b,b,i,a,d,c,i,j,b,d,e
a,e,b,c,i,i,i,j,g,b,i,f,a,c,f
g,d,f,a,g,g,f,f,f,a,e,c,h,e,f
d,e,g,d,d,i,d,b,f,g,h,e,a,j,b
e,f,a,g,c,e,g,i,e,g,f,b,d,f,b
j,h,b,b,a,a,h,b,i,b,c,f,a,d,c
b,b,g,b,g,a,e,i,c,h,h,f,h,c,d
h,h,i,d,h,h,i,c,b,b,c,a,f,h,d
g,a,f,c,f,f,f,i,e,h,d,h,c,c,b
g,f,g,b,j,h,a,f,e,e,i,i,f,i,j
c,i,c,f,f,b,e,g,c,f,j,a,b,a,c
b,e,i,e,g,a,j,h,i,a,g,c,e,d,e
g,h,e,c,a,e,j,j,j,i,h,d,f,a,h
j,j,a,f,f,i,e,e,c,c,h,d,i,c,h
j,j,i,d,h,a,a,j,a,j,f,c,g,f,i
j,b,g,g,b,j,d,i,i,h,f,i,e,i,i
j,c,b,e,h,d,d,f,j,j,j,g,g,i,e
j,f,i,b,h,b,j,j,i,b,f,d,i,c,a
c,c,j,e,a,b,a,b,i,j,e,d,h,e,i
f,a,j,b,g,d,g,e,d,g,c,e,c,i,e
i,d,b,c,c,a,g,d,b,f,h,g,e,c,a
e,g,d,b,a,h,i,h,a,b,g,b,b,g,g
e,h,i,d,d,f,j,j,j,d,g,d,h,a,h
a,i,j,b,f,b,b,d,g,d,f,h,i,i,i
f,j,h,i,j,i,f,a,b,f,b,d,e,i,a
b,i,j,e,j,h,b,f,d,h,e,a,f,g,i
i,f,d,j,h,f,i,g,i,g,d,c,j,g,f
e,g,d,d,g,h,a,c,c,i,i,j,a,f,i
b,b,a,j,h,h,a,d,a,c,a,f,g,g,g
i,e,h,i,h,d,i,h,c,h,c,g,i,b,c
d,e,e,a,b,d,f,a,c,c,c,i,e,i,h
d,e,f,c,a,i,f,b,e,b,f,h,a,h,a
e,h,d,h,h,c,c,a,a,a,d,a,d,c,f
c,g,j,e,c,i,e,f,c,f,e,h,j,b,a
j,i,c,a,c,i,j,d,a,b,c,h,i,b,f
f,f,a,d,j,g,f,d,f,e,j,e,d,b,a
f,e,a,b,a,f,a,c,f,f,d,i,c,a,j
f,g,d,i,d,b,i,g,e,j,d,i,b,j,a
j,e,c,j,c,h,d,j,h,c,h,j,e,d,c
e,f,a,j,a,i,c,d,a,g,i,j,g,h,a
g,e,g,j,b,d,j,g,b,e,c,g,f,j,a
b,e,f,c,i,d,e,i,j,g,c,c,b,h,f
e,b,c,f,h,f,g,j,e,b,e,c,a,f,i
b,d,e,c,c,e,j,b,d,i,g,g,a,d,i
b,h,c,c,i,d,j,a,g,f,b,j,d,i,i
d,h,e,h,a,j,d,e,b,f,f,b,a,b,d
c,e,f,g,b,c,i,g,f,i,g,a,a,g,h
j,f,j,c,h,f,g,j,i,g,e,d,j,g,h
c,h,j,i,d,i,f,a,h,e,i,b,i,e,d
b,c,a,a,b,f,g,a,h,j,i,j,j,b,g
c,f,f,h,i,g,h,b,h,i,h,e,b,c,f
c,h,f,j,b,i,g,e,e,a,f,e,d,i,i
b,j,e,j,g,c,i,c,a,d,a,i,h,f,g
c,d,j,e,c,h,c,i,a,g,g,b,c,i,i
g,j,b,c,h,j,c,d,j,h,c,b,h,e,j
h,f,h,c,e,f,g,j,f,i,f,d,i,f,h
g,a,f,h,d,j,e,g,h,h,d,f,a,g,h
b,c,a,b,f,i,b,f,f,j,g,b,i,h,i
b,d,a,j,c,f,e,c,i,j,g,d,h,i,j
j,e,d,j,d,c,d,b,a,g,i,j,g,b,i
g,b,j,d,c,f,g,j,c,i,g,j,f,f,g
c,c,b,b,j,c,g,b,g,c,f,a,a,e,e
e,e,a,e,i,c,d,e,d,b,e,j,g,h,h
f,c,j,b,d,c,f,e,b,c,c,g,h,c,c
e,h,a,a,j,j,b,d,e,c,i,g,a,h,j
d,f,b,i,j,e,i,g,j,g,i,d,i,c,j
i,g,g,a,g,e,e,b,h,h,c,h,j,e,a
d,b,g,i,j,j,a,f,a,e,h,d,i,e,f
b,f,i,a,h,d,i,f,f,j,f,j,g,g,b
a,f,a,f,f,i,f,i,f,a,e,b,a,a,i
i,f,d,h,g,b,c,d,b,c,i,h,g,i,g
f,b,a,g,b,d,c,h,e,i,i,i,f,b,d
e,c,f,i,i,c,d,a,b,f,h,h,e,g,i
f,g,g,e,g,i,f,a,g,b,d,f,j,j,e
a,f,d,h,h,f,d,d,h,j,a,i,f,j,i
j,b,e,j,g,e,b,e,i,e,g,a,a,c,g
d,e,b,g,b,e,a,b,h,i,a,i,h,b,i
a,a,g,i,c,j,c,f,a,d,g,f,i,i,a
d,f,g,e,e,f,g,f,j,i,d,d,e,b,c
j,h,d,f,i,f,g,d,b,f,g,i,g,j,g
e,e,c,b,f,d,e,d,c,i,a,c,h,d,i
i,j,e,g,a,g,j,g,f,d,j,i,g,g,i
e,i,f,d,a,i,e,f,g,g,j,e,j,j,i
b,f,b,c,f,j,c,e,a,a,g,d,d,h,h
e,d,h,g,i,a,i,b,c,b,c,c,h,c,a
g,a,e,e,a,b,c,c,h,g,a,b,e,g,d
i,g,c,g,d,f,j,f,b,e,c,e,a,b,f
b,e,g,h,f,f,i,e,a,g,e,c,e,i,b
b,e,h,i,e,j,c,d,g,f,b,i,h,i,a
g,f,c,c,f,h,g,f,h,j,f,h,b,j,h
a,e,h,b,f,g,h,e,i,d,e,h,g,e,i
d,d,h,b,a,f,j,g,j,b,d,j,h,g,g
g,a,h,a,g,b,i,d,g,a,g,a,i,f,g
c,j,j,g,g,d,i,c,i,j,h,b,g,j,j
g,f,c,h,g,g,c,e,e,j,j,b,j,j,a
c,e,f,d,i,b,i,f,i,c,e,f,f,b,g
j,i,h,c,h,i,c,b,g,g,h,a,g,h,e
d,b,a,a,i,c,b,a,a,e,a,b,i,e,c
d,e,j,j,e,f,b,e,d,e,i,d,e,a,j
j,c,b,c,h,j,f,a,c,g,b,g,d,g,e
f,j,a,b,c,h,c,g,g,h,i,e,j,b,f
j,g,i,e,f,g,b,c,c,j,e,g,d,b,d
e,i,d,d,c,c,a,e,d,j,g,i,h,h,g
f,f,c,j,j,i,j,d,a,d,b,d,j,c,g
a,h,a,e,a,j,g,c,i,d,e,i,j,e,c
a,j,b,d,f,i,j,e,e,j,a,f,g,b,j
b,c,h,d,e,e,h,j,c,a,g,g,c,e,f
g,b,b,d,i,d,b,h,h,i,d,f,f,c,e
a,i,i,i,i,d,b,f,d,e,j,h,d,h,d
d,c,a,g,b,c,e,a,b,i,e,g,f,b,b
b,e,b,j,c,e,j,d,b,b,f,g,j,a,a
a,d,c,g,a,i,b,b,e,f,i,i,f,b,b
g,i,e,c,b,d,e,g,e,a,c,a,j,f,g
h,j,i,a,b,b,c,g,d,e,e,j,f,g,g
h,f,f,d,d,f,c,a,c,g,e,e,d,a,a
c,g,b,e,e,i,a,g,h,c,d,h,b,f,a
i,d,f,i,b,a,b,h,g,a,c,c,d,b,j
h,h,i,g,c,c,a,h,c,a,i,i,c,b,h
c,i,b,h,g,a,e,g,g,i,h,j,j,f,f
i,e,j,g,g,e,i,c,c,a,e,a,c,a,f
f,f,b,b,h,b,g,i,c,g,e,g,a,h,e
j,d,e,d,g,b,i,j,j,e,a,g,f,f,g
d,b,c,i,a,d,h,e,f,c,a,b,h,a,g
c,j,j,i,j,h,e,a,a,d,b,c,a,d,h
b,c,e,a,c,h,i,c,e,b,e,c,b,j,h
a,f,e,a,g,f,j,i,c,h,a,d,b,a,a
b,c,c,d,j,i,j,g,d,b,c,b,a,f,h
g,i,e,a,c,d,g,d,c,f,h,c,h,h,a
c,h,b,h,e,j,h,f,d,d,c,b,g,h,h
h,a,e,d,f,f,b,d,d,j,e,e,e,d,f
g,a,g,d,h,d,d,a,d,e,j,a,j,j,f
i,h,e,i,j,b,b,h,c,i,g,h,d,d,j
f,c,g,d,a,i,g,i,e,a,d,c,h,e,i
c,a,f,f,j,e,i,c,h,j,e,c,h,b,h
a,j,a,h,b,g,d,i,e,h,f,d,a,f,a
g,e,f,i,e,b,f,f,d,g,g,j,j,i,c
f,g,d,f,i,d,j,g,e,f,d,b,d,c,a
b,e,h,g,e,d,f,i,i,f,d,b,e,f,i
c,b,j,i,b,g,h,b,i,d,j,c,a,e,c
d,d,h,h,i,d,j,i,c,j,c,f,h,i,i
f,f,g,d,g,h,a,a,a,h,g,f,d,d,h
h,a,c,e,i,i,h,a,j,c,d,f,d,g,i
d,g,f,b,d,j,b,h,i,c,i,b,j,f,h
