"var_1","var_2","var_3","var_4","var_5","var_6","var_7","var_8","var_9","var_10"
"d","c","a","j","o","j","k","o","b","n"
"k","f","e","f","g","l","h","d","e","f"
"m","l","c","f","n","l","j","c","g","n"
"j","e","m","j","o","o","l","l","l","c"
"h","e","m","j","m","n","b","o","j","l"
"h","d","i","b","c","n","d","l","o","a"
"e","m","b","j","i","i","a","n","i","l"
"a","a","o","h","g","c","h","i","f","m"
"b","b","b","d","h","n","g","b","n","m"
"i","h","h","o","l","m","b","f","b","c"
"c","j","o","c","i","d","o","c","j","j"
"e","a","a","j","i","b","o","l","a","d"
"l","b","e","f","h","a","l","f","b","l"
"g","e","h","h","f","g","n","f","k","i"
"i","j","j","e","a","o","a","b","a","g"
"f","g","a","a","a","l","j","a","i","o"
"o","d","n","e","k","b","j","e","c","m"
"h","e","e","d","i","n","j","k","l","m"
"l","d","o","d","m","c","j","i","o","j"
"f","j","l","l","a","a","k","a","f","h"
"i","d","g","j","f","a","i","b","a","i"
"n","g","f","k","o","d","a","i","k","e"
"d","j","e","c","c","n","k","c","b","b"
"d","n","l","c","h","f","a","d","f","a"
"f","n","f","n","j","c","g","g","o","m"
"m","f","l","j","g","b","b","b","d","m"
"f","k","a","i","f","k","n","l","i","i"
"a","f","f","m","f","c","g","e","a","g"
"b","f","h","g","a","j","o","b","c","j"
"k","k","k","c","b","b","j","m","e","i"
"f","l","a","i","f","h","l","a","i","i"
"d","c","b","d","g","l","d","i","n","h"
"f","k","a","i","k","j","e","o","e","f"
"n","g","e","e","h","o","n","o","g","k"
"d","i","h","e","j","j","e","b","k","g"
"l","k","o","j","j","e","m","k","b","l"
"g","n","n","j","c","f","f","m","e","c"
"n","f","h","i","e","k","k","a","d","h"
"f","n","h","j","n","j","h","e","d","k"
"h","a","g","a","i","n","m","m","j","b"
"h","h","i","m","h","c","l","f","g","c"
"i","f","c","l","a","l","e","b","h","b"
"c","m","f","h","c","f","k","c","k","e"
"d","e","c","i","e","b","h","l","n","e"
"e","g","n","o","c","b","k","e","c","j"
"b","l","f","a","m","g","a","i","c","c"
"k","c","i","o","n","b","d","c","k","g"
"i","a","b","f","o","e","d","i","g","n"
"c","f","a","g","j","f","m","n","c","d"
"i","i","n","d","o","b","d","m","b","n"
"a","e","e","e","b","b","l","h","k","b"
"g","k","e","b","j","a","l","g","a","m"
"l","e","l","m","g","c","g","a","b","j"
"o","d","n","m","c","a","m","i","b","d"
"e","b","e","b","o","a","m","k","f","i"
"o","m","m","i","f","i","k","m","g","o"
"d","c","f","g","m","l","b","c","i","n"
"h","o","j","h","b","m","a","l","a","a"
"d","c","i","k","b","b","f","a","l","g"
"i","o","l","k","l","j","k","k","m","j"
"l","d","o","n","f","c","n","o","f","k"
"l","n","n","m","c","i","b","d","l","b"
"b","d","o","h","k","h","i","m","m","d"
"l","b","b","b","i","c","g","d","a","g"
"o","g","n","o","b","a","b","i","e","d"
"c","f","n","j","c","f","k","g","o","b"
"a","o","g","h","j","f","g","m","l","g"
"c","j","b","i","n","h","m","j","o","g"
"l","d","o","d","k","l","d","a","e","m"
"l","m","c","k","m","j","k","a","a","n"
"l","i","l","c","h","f","b","g","e","c"
"h","d","i","b","k","n","d","o","c","d"
"g","h","e","d","i","f","l","k","e","e"
"h","d","h","l","i","n","o","f","n","h"
"g","o","o","g","o","c","e","a","m","m"
"b","j","n","l","m","g","a","b","b","b"
"k","o","k","b","j","i","f","n","g","c"
"k","n","b","j","c","n","k","f","o","i"
"a","j","e","g","j","l","f","a","d","o"
"c","c","m","j","o","j","b","l","n","n"
"j","m","g","n","l","h","f","h","m","m"
"e","i","c","h","a","i","b","f","k","l"
"h","a","g","a","f","o","n","h","n","k"
"n","d","e","i","d","e","m","b","n","j"
"o","l","n","b","m","j","j","a","e","d"
"c","a","b","j","o","k","h","h","a","g"
"b","n","b","a","m","d","j","g","j","a"
"b","i","i","k","h","g","n","i","k","a"
"a","o","o","l","i","m","i","k","e","m"
"n","g","k","b","m","i","n","d","h","k"
"o","k","n","n","o","m","i","i","f","g"
"e","a","a","h","m","n","g","e","o","e"
"l","i","a","i","i","e","d","k","m","o"
"n","g","k","n","c","i","n","l","a","j"
"n","i","f","m","e","a","j","c","e","d"
"g","h","e","o","m","k","o","l","h","l"
"j","c","e","f","d","k","o","l","n","o"
"a","b","b","i","c","j","d","k","d","n"
"f","l","a","a","m","a","c","j","g","d"
"j","e","a","o","a","a","c","m","a","a"
"a","f","m","a","m","e","i","f","j","g"
"o","f","k","i","l","l","c","j","e","f"
"g","h","k","h","j","c","n","l","b","f"
"b","l","c","j","g","m","l","j","k","a"
"o","e","e","k","d","m","k","k","a","j"
"g","n","e","d","c","j","e","f","f","i"
"g","h","j","i","b","e","l","n","h","o"
"j","e","i","o","h","i","f","f","g","c"
"k","g","a","a","i","f","a","c","m","k"
"g","f","d","g","m","a","b","h","d","m"
"e","f","m","f","n","j","m","g","j","i"
"n","g","f","j","f","g","n","b","g","k"
"i","c","h","g","h","m","l","l","d","i"
"m","m","k","o","i","b","e","b","o","d"
"h","b","h","d","o","l","j","b","g","h"
"h","g","d","l","h","l","n","a","o","h"
"j","b","e","n","e","a","l","b","k","g"
"k","i","a","g","j","n","l","a","b","l"
"h","e","g","o","f","g","g","a","m","g"
"c","k","f","b","k","d","i","m","o","a"
"o","i","m","k","a","n","i","m","k","o"
"e","a","i","f","o","h","g","j","e","g"
"a","k","b","e","l","d","f","k","d","l"
"g","c","b","h","b","o","d","i","i","o"
"g","d","n","i","c","o","k","k","c","h"
"e","j","g","m","d","g","l","d","h","h"
"c","a","b","n","c","m","o","n","a","b"
"c","l","j","m","c","j","h","d","d","k"
"m","o","d","d","c","l","j","j","b","l"
"e","d","k","d","b","g","d","b","b","b"
"i","f","h","e","h","b","e","k","a","a"
"l","d","d","g","b","j","k","o","o","b"
"a","b","d","o","g","e","b","f","g","n"
"j","l","i","j","d","a","g","e","l","c"
"a","j","a","n","i","o","o","a","j","j"
"b","b","o","h","l","g","j","i","l","i"
"a","m","o","i","l","n","n","g","m","f"
"m","o","e","f","d","h","f","m","l","m"
"b","i","h","i","k","e","i","m","j","h"
"g","c","c","i","b","d","e","o","o","j"
"o","j","n","j","g","n","e","e","m","a"
"k","n","e","b","e","k","e","i","j","j"
"o","l","n","c","j","d","l","a","l","e"
"a","e","o","i","l","h","j","f","n","j"
"f","d","b","d","c","j","k","b","k","m"
"b","b","j","b","i","c","f","d","m","c"
"c","a","l","l","g","l","h","c","j","m"
"b","e","i","a","g","l","k","o","j","f"
"h","h","c","l","j","d","f","m","j","h"
"i","o","b","f","m","l","h","o","e","n"
"f","h","e","k","o","e","k","m","h","h"
"g","a","m","e","i","c","k","m","n","b"
"l","m","l","k","h","b","f","l","h","c"
"f","o","f","n","c","e","n","h","f","c"
"c","b","n","c","c","n","g","m","c","g"
"n","o","i","f","b","a","i","f","a","g"
"h","k","m","o","m","k","f","o","g","j"
"m","m","j","e","f","i","b","n","h","i"
"f","g","n","m","k","n","j","e","f","b"
"j","c","d","b","g","m","b","o","e","a"
"a","f","f","l","i","c","g","h","e","l"
"i","l","k","a","h","c","a","n","d","d"
"m","h","c","g","m","b","m","h","f","n"
"c","n","f","n","a","a","n","k","l","k"
"j","l","a","g","h","d","b","b","l","c"
"b","j","i","k","h","g","a","j","b","l"
"k","i","a","g","e","j","o","l","e","n"
"b","i","i","g","k","i","o","g","b","c"
"o","e","e","i","c","m","l","f","c","c"
"j","a","m","o","e","b","d","e","j","i"
"l","j","i","o","l","a","j","i","j","c"
"j","e","a","j","b","f","c","f","m","l"
"o","d","n","n","n","k","b","g","a","b"
"l","i","g","m","o","l","o","c","e","m"
"i","g","i","i","m","b","f","d","h","d"
"i","d","g","g","n","k","h","c","g","n"
"a","f","a","c","m","c","d","c","j","n"
"i","m","o","d","j","l","n","g","n","b"
"b","d","d","d","c","h","f","i","k","e"
"i","j","f","i","n","j","l","k","i","d"
"g","e","d","f","a","d","h","e","c","k"
"c","g","j","k","c","d","h","j","i","o"
"g","g","k","k","j","g","m","h","a","b"
"e","j","g","d","g","e","h","a","k","l"
"c","g","f","g","k","n","b","a","o","o"
"f","e","e","i","g","e","b","h","n","j"
"j","f","f","h","h","f","o","j","a","h"
"f","b","c","j","o","o","b","m","f","j"
"e","m","j","d","f","e","m","k","b","n"
"j","k","h","b","j","j","k","c","b","f"
"b","h","f","k","k","m","n","m","a","m"
"k","o","k","m","f","b","o","l","b","n"
"e","i","b","f","c","j","m","b","o","g"
"m","n","n","h","a","j","d","i","i","f"
"d","m","k","m","d","m","e","c","g","i"
"c","l","n","a","n","j","l","l","m","d"
"k","n","b","h","l","j","h","j","e","m"
"j","e","i","n","b","h","a","e","n","i"
"f","a","b","d","n","d","g","k","d","e"
"b","n","a","f","d","a","o","j","h","e"
"n","d","o","f","c","l","n","g","n","b"
"k","o","k","m","e","e","e","l","g","o"
"c","b","j","i","g","n","b","j","m","o"
"n","d","o","f","h","g","c","o","h","e"
"o","g","e","a","c","m","i","d","c","k"
"k","a","e","n","k","o","g","c","n","m"
"d","d","i","n","d","m","c","n","g","i"
"d","j","a","f","n","f","j","c","l","n"
"d","a","h","h","h","n","f","b","c","o"
"k","g","l","a","f","l","l","f","c","i"
"l","j","g","d","j","k","c","h","f","k"
"l","d","d","k","a","j","g","d","d","g"
"h","c","h","a","f","o","e","a","e","o"
"e","g","g","m","g","e","o","a","o","h"
"c","k","n","d","n","o","l","n","h","b"
"c","d","k","l","k","o","e","d","d","o"
"h","k","m","e","l","n","f","l","o","o"
"n","b","d","d","a","k","d","o","c","k"
"j","f","m","c","m","l","b","c","j","b"
"c","e","c","j","g","o","i","n","c","m"
"d","i","j","k","o","f","g","m","e","j"
"k","n","a","c","j","i","l","o","o","l"
"j","i","i","k","o","o","d","j","h","n"
"o","h","l","a","i","e","i","n","g","i"
"l","a","o","l","m","c","e","m","m","o"
"m","h","c","a","j","h","l","j","j","f"
"o","n","l","c","o","n","i","f","c","e"
"f","e","c","m","h","c","d","h","b","k"
"n","l","e","i","a","c","a","h","e","k"
"j","e","d","m","o","h","f","l","e","f"
"e","k","a","k","i","e","k","k","g","l"
"o","g","c","a","j","i","b","k","h","b"
"f","d","o","j","g","m","b","o","m","m"
"d","c","e","h","l","n","o","l","h","j"
"k","c","k","d","b","a","h","f","i","d"
"l","a","f","f","e","j","a","h","c","m"
"o","f","l","a","i","i","m","a","g","i"
"f","e","m","j","j","j","n","m","o","b"
"i","j","j","e","j","o","c","m","a","k"
"m","k","n","m","i","n","h","d","e","i"
"e","i","k","g","o","f","n","b","c","k"
"f","d","f","h","e","g","a","a","d","a"
"b","g","f","c","g","m","d","k","k","n"
"m","g","m","o","k","o","k","o","b","k"
"c","f","e","g","e","n","h","f","c","m"
"h","f","j","m","h","i","j","j","h","f"
"e","h","j","k","i","c","i","f","j","c"
"m","g","m","o","f","k","k","d","l","a"
"o","c","f","a","k","e","c","a","k","a"
"e","i","m","i","c","a","b","h","b","h"
"d","b","e","m","f","c","b","a","n","d"
"g","g","g","b","j","a","n","g","n","m"
"l","o","n","m","c","e","n","m","o","i"
"m","d","k","k","e","m","h","g","o","c"
"i","g","n","i","a","h","n","m","h","a"
"k","f","e","k","d","b","i","k","k","n"
"e","e","l","i","d","h","o","l","n","h"
"n","e","j","n","d","o","l","g","k","i"
"d","i","l","a","f","e","o","d","j","l"
"i","k","h","e","j","d","j","g","b","c"
"h","l","a","b","j","k","d","k","i","d"
"n","o","n","l","e","h","d","h","f","d"
"h","d","k","a","g","j","e","i","b","j"
"l","e","l","h","d","b","d","h","e","f"
"b","l","b","h","h","d","i","n","m","c"
"g","j","l","d","a","g","i","f","e","h"
"h","j","i","m","h","i","n","f","g","j"
"b","l","g","g","b","m","c","e","a","b"
"f","g","f","b","f","e","e","f","d","a"
"c","d","k","l","c","e","e","d","l","h"
"b","i","i","d","l","g","n","g","f","k"
"n","e","l","n","h","a","l","h","c","c"
"c","h","h","b","m","o","f","c","j","b"
"n","o","d","l","n","j","k","o","g","f"
"l","i","l","k","m","m","a","f","o","h"
"o","b","k","m","f","a","d","i","c","l"
"a","e","a","j","e","b","b","h","k","h"
"i","k","l","e","o","n","o","o","m","j"
"c","e","g","j","o","e","e","e","m","b"
"n","j","e","a","c","m","h","c","j","n"
"j","i","k","c","k","d","c","b","c","a"
"f","e","n","e","j","b","b","k","h","f"
"o","c","f","a","j","j","l","k","a","o"
"i","g","h","a","a","d","n","d","d","c"
"o","d","i","k","l","e","m","i","g","i"
"c","m","j","i","c","o","j","a","d","k"
"m","c","j","i","b","g","m","k","f","e"
"j","o","d","m","e","g","k","l","n","c"
"k","c","b","f","i","k","d","i","b","g"
"m","f","m","c","f","c","b","d","n","l"
"o","a","o","j","j","j","b","c","b","b"
"i","b","k","b","j","l","i","k","k","l"
"b","o","g","f","d","f","g","f","a","e"
"a","i","a","n","d","o","m","n","h","c"
"h","d","k","o","a","i","e","b","i","l"
"f","n","a","i","c","f","n","f","l","d"
"l","i","g","i","f","e","n","k","c","i"
"o","f","k","o","b","o","b","o","i","h"
"k","f","e","n","d","h","j","m","j","l"
"f","i","l","h","d","e","h","l","b","k"
"o","l","i","a","e","m","k","d","l","k"
"i","l","h","b","l","c","n","f","h","m"
"f","o","m","d","g","l","a","e","g","m"
"f","e","l","o","n","m","b","n","e","a"
"h","m","k","g","i","e","d","e","b","o"
"e","n","a","d","g","o","d","n","h","e"
"m","o","d","e","k","l","a","n","h","e"
"h","l","m","e","d","b","l","a","i","o"
"h","f","h","k","d","b","i","h","c","l"
"e","o","i","g","e","i","n","i","j","n"
"n","m","m","o","b","b","n","l","j","f"
"b","e","m","a","d","b","f","e","n","m"
"g","j","l","f","j","d","i","g","l","o"
"c","g","i","o","o","b","e","g","h","n"
"l","c","i","b","j","b","g","g","m","f"
"f","c","j","o","d","b","e","k","h","j"
"k","e","a","o","o","m","j","g","h","e"
"i","e","m","j","l","b","n","d","b","c"
"i","f","h","g","j","c","f","k","f","g"
"k","c","f","l","b","l","m","b","l","h"
"o","c","m","h","j","o","g","n","k","e"
"f","e","n","i","e","f","k","d","d","g"
"i","i","l","g","e","h","h","l","d","o"
"k","c","k","m","k","c","e","b","d","h"
"e","i","k","b","h","j","b","k","k","m"
"c","i","h","h","o","l","k","m","f","k"
"j","j","g","l","n","g","m","i","n","o"
"o","d","o","i","g","m","i","n","m","o"
"c","a","b","k","c","c","g","i","c","c"
"a","a","k","n","h","a","h","e","i","d"
"e","g","i","l","e","l","d","g","d","l"
"h","i","k","e","f","f","a","e","g","i"
"j","b","e","o","h","f","l","a","b","o"
"d","i","m","a","e","o","a","m","i","k"
"e","m","e","c","n","n","h","e","m","o"
"o","m","f","b","j","k","a","j","b","a"
"j","k","d","i","m","o","j","e","c","f"
"n","h","l","j","g","k","h","h","d","g"
"c","g","j","k","f","n","g","g","c","f"
"g","g","b","g","i","m","g","b","e","g"
"h","j","n","e","g","k","k","b","f","i"
"n","g","k","j","h","a","n","b","b","d"
"e","d","k","n","i","b","b","l","d","j"
"i","e","e","o","f","e","b","k","f","m"
"n","l","e","f","o","c","h","o","g","k"
"m","k","i","n","b","b","j","l","f","d"
"h","b","o","g","k","h","n","j","m","f"
"h","a","g","a","c","e","h","j","b","h"
"h","e","c","d","d","f","d","c","g","i"
"l","o","n","c","e","k","k","c","g","c"
"n","b","c","c","a","d","d","d","j","h"
"n","k","a","a","o","d","o","c","o","j"
"n","j","o","a","d","d","i","m","k","m"
"l","g","i","i","o","h","g","b","l","e"
"n","b","h","k","h","f","l","g","j","o"
"h","f","d","i","f","d","c","h","i","l"
"e","k","i","k","o","l","i","j","h","g"
"n","b","b","m","c","n","m","d","d","n"
"e","e","i","f","o","b","h","i","j","d"
"l","c","a","j","g","n","b","h","d","k"
"k","i","j","k","e","b","b","m","b","m"
"n","g","n","l","f","i","i","a","k","b"
"j","f","m","k","b","d","k","n","h","o"
"e","o","i","m","g","c","k","m","j","j"
"d","i","k","j","g","a","e","h","j","k"
"h","o","f","n","k","f","n","f","g","i"
"g","a","e","h","b","n","i","f","m","j"
"g","a","k","g","j","b","j","a","f","h"
"a","m","m","a","m","k","e","j","g","k"
"l","n","e","d","n","e","o","d","h","b"
"o","n","i","n","m","l","e","g","c","c"
"h","f","j","m","o","i","i","g","b","b"
"b","d","d","d","c","h","m","a","a","j"
"i","b","l","m","h","a","b","j","k","n"
"a","m","i","e","b","d","b","j","c","c"
"m","m","n","m","i","i","o","d","a","b"
"e","h","j","l","b","h","l","g","j","n"
"a","j","l","c","i","f","d","l","c","k"
"g","l","e","d","k","g","l","a","o","c"
"n","l","l","k","d","m","a","f","e","h"
"a","i","k","a","e","m","l","g","h","o"
"c","h","i","k","k","j","c","j","e","f"
"l","f","b","g","l","j","d","h","e","n"
"f","b","o","i","c","h","a","e","e","e"
"c","m","l","o","c","m","m","i","e","g"
"e","j","j","c","h","k","e","k","e","i"
"a","j","c","a","k","k","o","j","b","l"
"e","j","e","m","c","m","k","d","e","n"
"m","l","b","f","f","c","m","b","n","m"
"d","c","b","d","g","b","m","n","l","c"
"c","l","m","n","n","c","k","c","c","e"
"n","i","e","f","h","h","b","b","e","h"
"o","j","g","a","m","e","n","a","o","e"
"b","f","n","c","o","c","h","m","f","b"
"o","g","c","a","j","g","b","k","h","b"
"d","c","b","h","k","j","o","l","n","m"
"k","l","l","o","l","n","k","b","l","i"
"m","b","c","n","j","i","n","o","h","b"
"l","b","h","a","j","c","d","b","b","e"
"a","j","k","o","l","l","j","i","n","i"
"e","h","l","m","j","b","m","k","h","f"
"n","e","o","e","b","a","o","n","h","d"
"i","d","g","e","i","b","e","l","n","o"
"k","l","e","j","l","g","c","b","i","o"
"m","n","c","j","m","f","b","b","j","b"
"b","h","m","f","j","d","l","l","a","m"
"o","k","n","l","b","h","h","f","o","o"
"h","a","g","l","i","h","k","h","b","h"
"e","m","d","k","g","d","b","i","m","b"
"k","c","k","g","c","m","j","g","d","n"
"d","a","j","a","j","h","i","i","b","a"
"l","h","f","n","b","i","l","n","l","d"
"c","g","f","a","e","o","k","b","c","m"
"m","e","k","j","f","c","m","a","b","d"
"b","k","k","o","f","o","l","k","d","k"
"h","k","g","m","g","d","l","n","h","n"
"m","l","c","h","o","c","g","j","g","f"
"b","i","f","c","a","o","c","g","m","g"
"h","i","l","a","i","d","d","c","h","m"
"a","a","d","b","e","l","e","o","g","l"
"e","k","i","c","e","b","h","f","b","j"
"c","o","e","l","f","l","l","e","n","g"
"j","n","g","g","b","c","n","b","d","o"
"e","o","m","a","o","d","f","m","e","j"
"a","k","d","i","m","e","b","h","c","h"
"o","l","l","h","m","m","l","a","b","c"
"c","d","k","i","k","o","k","k","o","b"
"f","n","o","k","j","d","g","f","f","a"
"a","j","l","d","a","d","n","i","f","c"
"c","g","f","i","c","c","i","n","j","l"
"e","m","l","k","h","m","a","l","c","j"
"g","o","o","c","i","d","b","g","j","b"
"h","g","j","i","b","o","d","k","b","n"
"g","f","c","b","l","b","k","a","c","k"
"h","o","j","f","j","h","h","m","j","a"
"l","h","a","a","a","a","d","o","c","d"
"k","g","a","h","b","l","m","o","j","m"
"c","j","b","i","c","c","e","k","d","j"
"m","h","k","g","i","e","b","h","d","m"
"e","j","l","g","b","e","m","k","j","m"
"c","g","f","a","j","c","b","d","n","h"
"h","l","f","b","j","e","k","m","o","k"
"d","f","g","k","l","m","k","e","e","l"
"h","h","k","m","k","e","b","k","i","n"
"d","k","k","e","n","c","j","i","o","n"
"h","d","e","d","i","o","m","a","m","g"
"i","d","e","f","m","d","l","b","d","o"
"m","a","d","o","j","j","j","b","f","m"
"j","j","i","m","c","a","l","a","c","l"
"c","m","b","o","o","o","h","l","l","k"
"o","a","j","n","l","a","c","n","b","h"
"h","a","m","n","c","j","l","a","h","m"
"g","i","d","c","c","n","g","j","i","g"
"b","i","g","k","k","n","i","g","i","b"
"j","g","c","m","c","c","g","f","o","g"
"b","i","h","k","a","n","l","g","f","i"
"h","l","f","g","h","c","l","a","n","b"
"d","n","m","d","k","i","h","f","f","o"
"c","i","k","o","e","f","f","n","n","i"
"j","d","i","h","h","a","l","e","b","a"
"n","k","g","d","c","f","n","i","g","e"
"k","i","i","d","n","h","e","a","a","g"
"f","e","e","e","j","k","l","k","i","j"
"m","n","n","e","f","k","n","i","o","g"
"n","a","a","l","n","o","d","e","e","b"
"k","g","j","k","m","k","g","n","d","d"
"j","g","i","f","m","n","g","l","b","a"
"o","m","g","h","g","e","h","h","a","k"
"n","e","o","e","d","a","l","j","l","f"
"k","j","e","c","e","h","l","f","j","i"
"f","k","o","b","j","f","b","n","i","b"
"h","i","n","d","d","f","a","c","j","g"
"a","b","k","i","g","i","c","a","i","j"
"c","l","i","e","d","l","i","e","n","o"
"j","d","k","h","m","n","e","g","o","b"
"j","i","o","e","h","b","b","e","j","b"
"o","j","n","n","n","m","l","i","k","j"
"j","o","n","l","e","g","g","i","g","g"
"g","b","a","n","k","n","e","n","k","e"
"j","e","d","e","n","n","i","h","n","a"
"i","f","n","c","f","b","b","f","g","f"
"g","b","o","j","d","e","b","f","k","a"
"l","f","b","h","c","j","i","m","m","n"
"o","j","g","a","g","e","l","a","b","h"
"n","h","k","n","h","m","c","d","n","j"
"e","c","j","e","m","o","b","n","d","b"
"f","g","i","m","a","b","n","a","b","d"
"o","f","c","c","l","a","n","n","n","d"
"j","i","k","c","e","n","j","l","b","e"
"k","f","b","g","l","k","m","n","e","m"
"l","c","i","j","o","e","b","j","e","b"
"n","d","g","a","a","n","n","g","c","k"
"j","i","i","c","c","n","g","l","l","n"
"b","i","g","k","a","n","l","g","f","h"
"a","l","d","c","m","g","i","j","n","g"
"m","h","g","d","i","b","c","o","o","b"
"f","b","o","o","h","e","b","k","m","i"
"f","e","l","b","i","c","d","n","j","k"
"f","e","l","o","i","m","k","b","h","l"
"g","h","o","j","l","e","j","n","c","d"
"a","a","b","k","k","m","a","e","b","l"
"o","e","i","n","f","d","l","d","a","g"
"l","e","i","a","m","g","i","d","e","a"
"a","k","c","i","l","o","d","n","h","g"
"j","i","k","i","e","h","n","i","o","b"
"j","b","h","c","i","i","e","c","m","i"
"l","d","a","l","c","e","o","o","e","j"
"j","i","i","k","e","n","c","g","o","i"
"e","b","o","i","e","g","c","f","o","i"
"o","g","c","a","j","m","l","m","b","l"
"g","a","e","h","k","o","k","o","i","o"
"n","a","d","k","a","a","k","m","l","c"
"i","n","n","j","f","a","h","b","d","n"
"j","c","i","g","n","h","j","d","f","f"
"i","j","j","e","b","d","b","o","j","m"
"a","j","c","g","a","j","o","n","c","n"
"d","f","g","m","d","m","k","l","b","k"
"o","b","j","e","n","c","h","c","c","c"
"d","k","e","d","d","o","n","n","h","i"
"g","f","b","k","n","f","a","n","e","o"
"o","j","m","e","l","i","c","f","m","o"
"f","n","m","o","d","e","l","b","i","m"
"c","g","j","a","m","n","h","o","f","k"
"h","k","g","o","j","o","k","f","d","h"
"b","b","j","k","g","n","b","g","m","c"
"o","c","c","b","i","n","h","g","o","g"
"j","g","g","m","f","a","c","a","n","g"
"i","e","m","j","l","m","k","g","n","c"
"m","b","m","k","g","m","n","a","f","m"
"a","b","f","o","g","l","n","h","k","i"
"i","e","e","l","m","l","g","h","a","l"
"f","g","j","b","m","n","e","m","e","a"
"f","m","j","o","b","e","e","e","b","h"
"k","n","f","c","b","i","e","b","f","i"
"j","j","n","m","m","i","h","b","e","h"
"f","d","g","g","m","b","l","d","d","f"
"n","d","g","f","k","f","k","l","e","a"
"j","o","d","l","d","e","d","a","l","m"
"k","f","b","h","m","l","d","n","f","m"
"m","c","l","n","b","b","e","h","f","k"
"c","i","l","c","n","a","l","f","b","i"
"l","h","a","l","f","l","l","d","a","o"
"h","m","j","b","a","i","l","o","b","h"
"g","e","e","d","b","c","g","c","m","k"
"b","b","o","m","d","h","o","c","l","o"
"g","g","c","n","e","f","j","g","o","i"
"j","o","o","f","b","e","k","n","o","k"
"k","c","j","o","b","b","g","k","c","a"
"b","g","f","i","l","m","b","c","m","m"
"l","f","i","d","i","f","d","d","a","g"
"a","e","o","e","j","k","e","f","k","k"
"c","i","i","n","n","o","c","m","d","e"
"d","k","e","h","b","n","m","a","l","h"
"c","h","j","m","l","e","i","h","g","e"
"k","j","n","n","i","f","g","l","c","b"
"b","d","d","g","i","a","k","g","b","f"
"j","n","g","g","e","n","j","g","h","j"
"i","j","e","d","h","e","o","g","m","n"
"m","o","d","n","e","j","b","g","o","m"
"j","h","a","m","l","i","k","l","j","o"
"h","k","g","j","l","c","g","e","m","b"
"h","j","g","c","e","c","j","n","e","c"
"a","g","l","i","b","d","l","b","o","a"
"o","f","c","i","m","h","l","n","j","c"
"m","k","g","n","h","c","c","c","a","g"
"e","m","j","n","i","m","l","g","f","f"
"i","h","k","k","l","j","c","f","m","n"
"o","d","i","n","d","e","e","g","f","i"
"j","j","n","o","b","e","b","l","i","c"
"h","j","m","d","n","c","d","j","e","b"
"i","m","d","b","m","l","f","g","n","b"
"j","n","e","b","l","b","h","l","i","i"
"n","j","e","a","d","m","c","f","n","h"
"h","i","l","c","i","m","k","i","h","l"
"n","j","n","k","f","a","k","g","k","i"
"n","b","i","m","g","o","a","f","g","o"
"b","c","m","f","n","h","k","c","c","c"
"e","k","i","f","d","a","m","f","g","d"
"b","f","a","d","o","o","d","o","e","n"
"j","m","j","f","a","o","f","o","b","h"
"h","m","j","l","a","o","d","h","m","g"
"n","o","c","m","f","c","c","h","m","c"
"j","j","n","o","n","e","a","i","e","m"
"n","i","i","i","n","i","d","f","a","g"
"l","f","i","o","f","k","d","i","d","k"
"b","b","m","h","a","j","f","a","n","a"
"n","l","d","o","m","j","k","o","l","d"
"a","d","m","l","n","e","o","i","i","b"
"h","d","k","b","i","n","m","d","o","i"
"h","a","m","o","b","l","k","n","j","i"
"e","m","i","n","f","g","m","j","e","k"
"m","c","m","d","h","m","a","n","l","e"
"d","b","h","m","d","c","d","c","g","b"
"f","a","a","g","n","k","g","c","j","c"
"m","g","g","a","e","k","f","a","i","o"
"o","m","d","n","m","e","m","d","c","k"
"b","f","f","i","m","m","i","k","j","c"
"i","n","k","h","l","m","e","o","o","o"
"d","m","d","k","h","j","l","j","k","g"
"e","c","b","i","a","h","o","b","c","f"
"l","c","a","j","g","g","l","o","o","m"
"n","o","c","m","e","a","h","h","i","e"
"m","h","a","m","o","d","c","l","n","o"
"n","a","a","h","m","l","h","j","a","b"
"o","l","l","i","o","j","e","l","i","l"
"a","j","k","o","o","f","d","b","g","k"
"b","h","e","m","d","d","b","i","h","j"
"j","n","a","c","e","d","e","f","a","l"
"e","h","h","l","b","h","b","m","b","i"
"k","j","n","e","i","f","k","c","j","j"
"a","e","k","i","i","b","m","k","k","f"
"k","i","a","a","d","f","n","m","g","m"
"n","e","n","e","c","k","l","b","a","o"
"l","b","n","c","m","c","a","n","j","n"
"k","f","n","a","m","l","g","f","d","d"
"f","g","n","k","c","c","m","f","n","g"
"i","f","i","d","i","m","c","g","g","i"
"e","h","l","n","c","m","a","n","e","c"
"f","m","d","n","h","m","a","f","l","a"
"h","i","h","l","f","k","j","c","o","j"
"k","f","a","d","c","b","j","j","o","i"
"o","m","i","h","d","m","g","c","m","i"
"b","e","a","j","j","h","c","k","b","a"
"b","l","b","h","h","d","o","b","k","i"
"e","n","f","j","a","f","h","b","a","m"
"j","c","d","d","f","g","n","i","e","m"
"l","i","m","d","e","m","g","a","h","o"
"n","g","j","c","l","d","j","g","m","f"
"g","h","k","h","j","e","n","h","m","m"
"m","m","m","e","d","d","a","g","n","c"
"a","j","c","g","i","k","d","i","b","i"
"l","i","l","i","f","f","d","g","b","n"
"j","g","c","m","n","b","b","l","h","g"
"k","b","j","k","b","d","i","f","e","k"
"n","k","e","h","a","m","a","n","e","n"
"n","b","h","c","m","m","j","b","g","j"
"f","a","a","c","c","c","f","e","i","c"
"g","e","o","g","e","h","j","j","g","o"
"g","o","f","l","m","d","n","i","d","e"
"b","l","c","l","m","g","j","n","j","c"
"k","n","e","o","l","m","j","d","d","l"
"i","e","i","h","k","e","h","m","a","o"
"d","k","n","j","f","o","m","n","h","i"
"h","d","o","b","k","b","f","l","l","f"
"e","j","n","d","n","f","o","b","h","e"
"o","g","e","a","o","m","b","k","m","k"
"m","k","i","n","l","d","c","e","f","e"
"o","h","i","i","j","e","g","d","i","g"
"e","m","f","j","d","f","l","c","k","a"
"m","j","c","a","k","k","a","g","o","c"
"m","o","b","g","b","c","d","h","o","i"
"b","l","c","l","i","h","c","h","e","g"
"c","h","h","k","f","n","g","e","m","o"
"h","a","j","j","a","a","c","m","h","m"
"a","g","f","k","e","j","a","b","l","j"
"f","g","m","n","k","n","n","f","b","f"
"k","i","j","k","j","a","n","h","m","m"
"m","k","n","m","i","g","h","i","o","c"
"b","n","f","f","d","c","d","k","f","n"
"n","f","h","f","h","j","h","b","a","l"
"e","b","h","f","o","e","a","b","c","g"
"o","g","b","i","b","n","h","f","a","a"
"d","m","j","i","m","k","m","i","a","f"
"i","e","m","j","l","m","k","g","d","n"
"a","e","n","d","d","j","k","k","b","h"
"m","o","e","f","c","n","i","m","o","c"
"l","c","i","j","j","l","g","m","c","b"
"j","i","c","m","l","l","g","i","n","b"
"n","d","g","b","k","b","n","o","m","f"
"g","l","b","e","k","b","d","a","d","i"
"f","a","a","g","n","j","c","m","c","n"
"b","d","o","c","a","f","l","i","l","n"
"n","h","l","f","h","h","l","j","o","m"
"h","b","j","a","o","h","o","c","k","b"
"a","j","c","g","a","h","o","b","d","d"
"n","g","n","a","b","c","l","d","d","g"
"j","e","m","j","l","j","f","l","d","m"
"j","k","l","a","d","j","e","a","n","j"
"n","h","e","l","i","h","h","h","k","g"
"n","b","b","o","k","o","l","g","o","d"
"n","d","o","n","c","i","k","c","g","e"
"f","e","e","d","d","n","j","a","h","o"
"j","c","d","n","a","m","f","n","c","d"
"o","k","b","e","k","j","b","i","c","i"
"a","j","l","h","e","k","l","f","k","h"
"i","e","i","i","f","b","b","l","n","o"
"g","j","o","i","l","h","h","f","o","o"
"h","o","k","c","m","c","h","n","m","j"
"i","h","k","g","i","e","a","b","b","c"
"m","o","g","k","l","h","i","f","i","n"
"g","f","i","g","o","h","l","d","a","k"
"c","i","f","i","m","m","d","g","b","j"
"o","h","n","k","o","a","d","d","f","a"
"c","d","i","b","d","d","d","l","l","n"
"h","d","i","b","i","f","i","i","k","e"
"h","k","m","i","a","c","n","g","g","o"
"g","e","o","h","a","f","n","m","o","c"
"n","e","o","e","a","b","b","b","a","j"
"a","m","k","i","d","h","j","j","g","j"
"e","k","a","b","g","h","a","e","m","k"
"h","f","j","c","h","g","e","f","i","k"
"h","f","a","k","m","k","o","l","h","e"
"f","e","l","o","a","l","c","c","j","c"
"a","m","o","i","a","b","d","j","c","j"
"i","i","f","n","l","m","j","i","b","d"
"i","f","n","b","n","b","h","a","i","e"
"k","f","b","n","m","l","h","n","b","c"
"b","l","e","c","e","a","h","i","b","j"
"d","o","d","m","o","d","k","o","c","e"
"d","e","o","k","j","a","a","i","f","g"
"m","m","b","i","d","n","j","n","d","o"
"e","m","e","h","d","d","i","c","c","l"
"j","l","g","j","o","j","h","e","l","k"
"m","a","c","f","j","n","b","j","k","b"
"g","h","d","n","h","j","l","n","m","k"
"j","i","k","d","g","b","b","l","c","i"
"d","l","m","m","g","m","g","i","c","k"
"k","a","b","h","j","o","i","m","o","e"
"l","a","o","j","l","b","n","h","d","m"
"a","i","f","b","f","n","l","d","m","e"
"k","j","i","m","i","f","i","a","c","b"
"j","g","g","m","f","g","n","g","o","k"
"m","h","c","g","i","o","c","c","j","g"
"g","b","o","e","l","n","m","e","e","f"
"b","f","a","g","h","f","g","c","k","e"
"l","g","f","i","f","i","d","g","a","j"
"a","n","n","d","f","a","j","g","e","f"
"o","a","b","o","n","m","d","k","b","j"
"i","d","o","h","e","a","f","a","k","d"
"b","m","o","g","d","b","d","d","l","n"
"k","h","d","h","e","m","k","g","o","o"
"n","g","j","i","a","d","l","c","j","c"
"n","d","o","n","c","b","k","d","j","e"
"c","o","n","m","k","n","b","j","e","b"
"m","h","m","m","l","d","m","f","f","m"
"h","c","g","k","l","d","i","h","m","g"
"m","f","l","g","h","f","g","l","d","a"
"b","h","f","o","j","g","c","k","d","b"
"d","b","f","j","f","e","b","f","b","h"
"o","i","a","a","j","n","a","n","j","h"
"l","o","n","b","k","b","l","c","o","n"
"j","i","i","c","b","n","k","i","h","b"
"j","j","n","i","n","e","c","h","i","i"
"h","h","h","c","i","i","m","k","m","d"
"m","d","m","f","f","n","d","m","c","i"
"e","k","l","h","e","d","l","l","g","h"
"n","i","e","a","j","k","a","d","a","i"
"j","d","i","b","h","c","d","g","f","h"
"k","n","e","d","c","b","i","a","f","m"
"n","j","d","j","f","g","f","g","f","d"
"c","g","j","b","m","l","h","d","c","o"
"j","c","d","k","g","a","b","o","b","j"
"h","n","m","e","a","i","a","j","c","k"
"d","b","i","k","i","d","h","g","f","i"
"c","k","i","e","d","d","c","j","e","o"
"l","d","a","k","a","l","o","f","g","a"
"h","i","j","c","j","d","m","l","m","l"
"d","j","a","d","c","f","j","f","a","h"
"m","h","g","g","j","b","b","f","e","f"
"j","j","g","e","d","n","m","l","i","g"
"k","g","j","k","b","l","d","e","n","d"
"a","a","m","e","k","o","j","j","o","j"
"c","f","m","k","m","a","m","m","a","g"
"a","e","k","c","a","a","c","l","i","a"
"l","f","h","o","b","d","b","c","e","l"
"j","l","h","a","f","j","c","k","n","m"
"n","d","e","f","d","o","m","g","a","e"
"a","e","o","c","m","c","j","f","j","e"
"f","a","i","m","k","e","o","j","b","h"
"c","e","k","n","i","e","k","n","h","j"
"b","l","m","g","i","k","c","g","c","e"
"g","a","h","m","g","k","f","f","f","o"
"f","d","o","h","i","m","a","o","l","i"
"e","i","m","f","a","o","b","m","a","h"
"i","m","i","o","l","l","k","g","g","n"
"a","g","g","b","j","a","n","o","n","g"
"h","b","h","k","d","n","i","a","n","e"
"m","e","m","f","a","b","l","k","o","m"
"m","d","h","d","h","j","o","a","j","j"
"a","o","o","a","a","m","i","j","h","m"
"k","c","k","l","b","f","m","b","m","m"
"e","g","m","e","e","o","a","a","a","k"
"d","n","j","f","d","a","h","e","m","k"
"m","c","l","i","b","l","j","o","g","j"
"i","e","k","k","l","j","f","e","d","m"
"a","f","f","j","g","e","b","h","o","k"
"l","i","l","c","l","l","h","l","d","o"
"f","k","o","e","j","o","b","e","c","m"
"l","e","l","m","j","n","k","a","b","f"
"n","d","g","e","f","h","m","o","m","h"
"l","k","k","e","l","n","j","g","a","l"
"i","f","i","d","e","i","h","d","m","o"
"f","h","h","n","l","c","j","h","h","m"
"l","d","a","l","k","e","n","k","b","b"
"g","i","c","o","d","m","e","g","o","i"
"c","j","j","l","n","n","l","j","h","n"
"o","n","o","n","e","l","d","g","a","h"
"d","o","d","m","e","a","f","h","c","g"
"j","a","g","n","h","d","f","b","e","m"
"d","k","e","h","b","b","o","m","l","f"
"b","o","d","d","d","f","g","k","d","m"
"a","f","f","j","g","k","b","b","b","k"
"o","m","f","f","e","c","d","n","o","l"
"g","h","k","n","d","b","j","h","f","m"
"o","j","j","m","b","d","b","e","c","c"
"i","b","k","c","n","e","e","e","i","j"
"m","g","c","a","a","d","h","g","c","c"
"l","b","e","f","m","m","a","n","g","n"
"j","b","i","k","h","e","h","j","o","e"
"d","g","a","g","k","a","m","j","k","f"
"d","b","b","k","b","a","m","f","g","c"
"g","k","b","i","j","b","l","l","i","f"
"c","b","h","h","e","b","i","l","b","d"
"m","l","i","a","m","m","a","f","g","n"
"i","n","n","e","a","b","a","n","h","f"
"o","h","j","m","i","h","l","j","d","i"
"h","d","k","c","i","e","o","n","f","d"
"c","j","b","g","g","m","k","b","g","i"
"d","b","a","j","h","a","i","e","f","h"
"e","c","i","k","m","n","h","a","h","m"
"o","g","b","k","b","o","c","l","i","n"
"b","i","h","i","o","e","i","c","e","c"
"j","h","f","j","i","f","f","h","e","o"
"k","e","e","c","e","h","l","j","h","f"
"k","n","e","c","e","d","b","m","e","i"
"o","m","f","b","j","k","d","m","d","a"
"f","e","c","e","l","b","a","h","l","j"
"b","h","f","i","j","f","h","c","c","c"
"j","o","e","f","l","k","c","h","e","j"
"i","e","n","j","f","o","f","o","l","i"
"e","e","g","h","d","b","f","f","n","c"
"j","h","c","b","i","b","n","f","h","d"
"n","k","a","n","l","m","a","d","j","g"
"g","a","k","g","m","d","c","a","i","j"
"o","g","l","l","d","n","n","g","o","j"
"h","i","e","g","k","f","c","h","h","k"
"g","a","a","c","d","k","e","h","i","l"
"k","o","k","b","h","f","j","l","i","l"
"h","f","a","c","o","g","i","d","g","g"
"f","g","f","d","c","c","a","f","o","g"
"h","f","o","d","o","g","i","n","e","a"
"k","h","k","e","a","o","a","n","a","e"
"d","m","f","j","c","a","c","e","d","g"
"c","g","f","a","j","a","c","j","i","f"
"i","m","f","c","g","d","f","b","e","l"
"o","i","m","a","e","k","e","n","i","f"
"c","o","n","m","o","n","i","g","o","b"
"e","o","k","n","h","c","l","l","a","n"
"g","n","b","j","c","j","h","h","h","k"
"d","l","m","n","a","d","j","a","i","a"
"j","h","i","k","i","e","l","c","i","i"
"c","f","e","k","o","i","m","k","a","g"
"e","k","l","i","e","h","k","l","h","j"
"j","n","g","a","i","h","j","l","e","m"
"g","b","i","g","k","i","k","k","f","l"
"m","j","c","a","k","k","n","o","o","g"
"d","a","j","l","j","h","f","o","o","l"
"o","l","d","i","l","c","d","h","d","n"
"i","n","n","e","l","b","e","f","m","j"
"i","j","e","n","a","h","l","b","h","d"
"d","h","j","k","l","j","n","e","d","m"
"o","o","g","l","m","l","e","h","k","m"
"g","b","o","o","h","h","h","l","h","o"
"n","h","k","n","c","c","n","n","l","n"
"g","b","o","i","e","h","j","e","h","i"
"f","j","i","k","k","a","i","j","a","f"
"e","f","e","i","e","f","g","d","e","g"
"c","j","a","k","j","j","f","o","f","m"
"c","b","m","e","l","g","m","j","i","e"
"k","g","l","g","o","j","n","a","l","a"
"n","j","h","i","b","n","n","b","l","h"
"e","g","i","c","m","c","f","g","c","c"
"d","m","f","l","f","e","e","c","d","e"
"e","m","i","d","g","a","d","m","d","l"
"e","o","o","h","e","h","m","j","f","a"
"g","f","b","g","e","e","b","b","d","k"
"f","e","o","k","l","j","d","h","i","m"
"g","e","e","m","j","a","e","h","b","i"
"h","c","j","l","a","g","i","l","m","l"
"i","a","j","n","l","h","o","b","h","n"
"b","e","n","k","c","f","l","d","c","k"
"m","k","i","m","d","d","j","j","c","b"
"n","j","o","j","a","e","l","m","f","m"
"a","l","c","i","k","l","n","i","h","j"
"j","f","i","h","h","b","f","e","b","a"
"j","g","o","n","h","i","e","e","e","a"
"g","k","h","o","m","k","o","k","h","i"
"o","h","m","b","h","k","g","d","d","c"
"c","j","b","o","j","c","k","e","b","g"
"f","k","a","l","n","o","a","m","b","a"
"h","j","e","a","i","k","k","o","h","j"
"b","n","e","m","l","h","g","i","f","h"
"o","e","e","k","d","d","b","b","j","i"
"o","c","o","i","o","i","i","m","n","o"
"m","k","b","o","g","e","o","i","l","b"
"h","i","h","k","m","g","d","f","f","k"
"i","m","n","j","a","i","d","d","m","b"
"n","g","g","i","e","o","n","a","e","d"
"e","f","i","o","o","b","h","i","i","l"
"j","g","i","i","a","i","e","e","g","k"
"c","j","b","g","n","e","j","i","j","b"
"o","l","i","m","c","l","n","f","g","l"
"h","o","f","n","l","c","f","e","e","i"
"o","j","n","m","g","h","h","e","e","f"
"h","a","m","e","h","n","o","b","a","o"
"k","h","k","o","j","m","j","l","f","l"
"h","j","m","o","n","c","m","g","j","a"
"c","h","a","d","a","c","c","a","b","d"
"g","c","n","b","i","h","c","n","c","i"
"f","l","f","i","k","a","o","h","b","i"
"a","o","o","j","j","a","d","i","g","l"
"d","j","b","d","k","h","j","a","d","m"
"o","f","k","i","l","h","j","h","d","g"
"a","b","f","c","f","k","n","h","i","l"
"g","a","m","h","k","b","j","h","i","i"
"c","k","e","o","g","k","b","a","a","k"
"g","d","o","o","a","c","n","g","b","j"
"b","g","f","m","f","a","n","d","l","n"
"o","h","m","k","o","d","c","n","l","b"
"g","e","e","o","n","c","h","d","o","j"
"i","i","c","m","b","h","g","a","n","n"
"d","o","f","b","l","i","k","j","j","l"
"i","i","f","d","d","m","j","i","m","n"
"o","b","c","c","c","a","m","b","a","a"
"g","f","i","g","o","i","k","k","o","c"
"d","k","e","h","b","k","m","f","j","i"
"i","n","n","b","b","b","h","e","m","h"
"l","n","e","d","l","b","i","g","b","o"
"c","j","o","c","h","l","a","o","a","k"
"j","a","j","f","g","i","b","o","a","k"
"f","h","b","h","g","n","h","k","n","c"
"f","a","a","o","j","c","o","e","m","m"
"l","f","n","c","j","i","n","m","o","g"
"o","l","d","b","b","j","l","o","j","k"
"g","k","n","b","f","b","a","b","b","n"
"o","j","b","i","b","n","e","g","a","g"
"n","b","h","d","g","g","c","a","d","i"
"i","e","i","i","k","l","g","f","g","o"
"n","d","g","f","d","h","n","n","m","m"
"e","m","l","g","k","b","i","b","n","m"
"i","o","f","l","i","e","k","b","h","l"
"k","c","c","m","j","l","o","h","h","b"
"l","b","b","b","i","c","d","a","b","l"
"c","l","i","e","i","c","j","m","b","n"
"l","g","i","i","f","m","a","j","j","h"
"e","i","b","g","j","o","b","i","n","c"
"d","j","a","l","c","f","a","f","m","i"
"o","e","l","n","g","l","j","n","o","c"
"c","d","i","e","k","g","a","d","i","a"
"k","n","b","a","l","n","m","m","g","n"
"d","m","n","d","g","h","c","n","b","b"
"a","j","c","b","m","n","b","b","k","a"
"m","l","b","n","f","l","m","o","h","b"
"a","e","o","i","e","b","l","j","h","f"
"d","f","f","e","m","i","i","j","o","j"
"f","k","d","e","o","c","b","f","a","j"
"f","e","l","m","m","e","m","e","m","c"
"n","e","e","l","c","a","l","c","k","f"
"i","j","i","k","k","g","a","o","g","g"
"d","m","f","k","f","e","g","e","a","h"
"f","b","d","m","h","o","b","e","l","c"
"i","h","a","j","l","b","a","f","n","e"
"f","e","n","g","e","f","k","g","g","g"
"o","h","e","m","h","j","l","j","n","m"
"o","b","l","e","j","k","k","k","a","o"
"i","b","j","m","n","l","h","a","f","h"
"g","l","e","j","l","g","e","l","m","l"
"e","f","i","g","e","o","d","i","h","e"
"a","b","b","o","n","i","i","h","h","l"
"f","g","a","a","f","o","n","l","l","h"
"i","d","b","c","k","e","e","e","a","e"
"o","i","o","d","l","o","l","d","e","c"
"a","i","e","c","h","e","b","f","n","k"
"b","i","m","k","k","n","l","o","f","a"
"j","j","m","o","g","h","i","l","e","j"
"i","i","j","m","c","m","k","c","a","n"
"i","n","n","j","f","b","j","n","m","f"
"o","l","o","i","g","g","n","h","m","b"
"i","g","c","m","n","b","m","l","m","j"
"j","f","m","h","a","d","d","b","d","l"
"m","m","i","h","k","b","k","g","n","m"
"f","c","j","o","m","o","b","n","g","b"
"k","i","j","b","c","b","b","h","e","k"
"k","k","b","c","g","i","h","a","n","o"
"c","l","l","g","a","j","o","h","i","j"
"o","f","l","d","j","d","i","n","o","c"
"c","b","h","d","h","n","g","g","n","j"
"l","o","g","m","a","l","o","h","d","o"
"i","k","h","h","j","i","n","k","m","c"
"m","m","g","e","l","n","i","d","a","f"
"j","j","i","o","i","d","a","l","d","i"
"n","f","k","i","d","i","c","h","i","i"
"j","e","h","o","o","e","l","d","b","c"
"i","j","f","m","o","l","d","a","n","d"
"i","f","i","c","e","g","h","n","h","i"
"o","g","g","h","j","o","b","i","o","d"
"f","g","a","a","g","l","f","i","f","i"
"j","l","l","g","j","d","g","a","l","c"
"n","d","f","n","c","k","m","o","b","j"
"k","g","j","k","b","b","l","m","e","h"
