var_1,var_2,var_3,var_4,var_5,var_6,var_7,var_8,var_9,var_10
i,a,a,h,e,i,d,b,f,e
c,c,a,c,a,h,g,g,g,c
b,h,h,h,a,g,e,j,e,g
j,h,c,f,c,d,i,a,e,j
j,d,i,i,h,e,b,a,d,h
c,d,e,h,f,g,b,a,h,d
e,i,j,g,j,c,j,c,c,c
b,c,c,d,j,c,h,i,e,h
g,d,b,b,j,a,a,d,j,h
a,i,c,d,j,d,c,a,i,g
g,i,h,e,f,c,d,h,e,f
c,c,f,d,g,a,b,i,c,g
g,i,b,b,i,h,b,a,g,f
i,b,j,e,a,i,h,g,g,d
h,h,d,d,g,i,f,f,a,d
g,c,a,b,a,c,a,e,d,f
c,h,f,g,e,b,j,i,g,b
d,c,j,a,g,d,b,c,g,d
c,i,f,f,g,d,e,g,g,e
i,a,j,c,g,i,g,a,i,c
b,a,j,h,g,e,c,h,f,c
j,j,c,e,g,d,i,f,b,i
g,c,f,g,e,j,g,a,i,j
i,d,h,h,d,h,d,h,i,g
i,j,j,g,g,a,d,a,e,f
c,d,d,i,i,i,i,e,f,f
i,h,b,i,g,h,j,i,c,b
c,b,j,a,a,h,a,h,e,h
a,h,a,h,h,e,h,e,c,e
c,g,h,h,d,i,e,g,c,f
i,i,j,d,f,c,d,e,e,c
h,j,c,h,h,e,a,e,d,h
f,i,a,f,b,i,j,a,d,f
c,b,c,d,j,a,b,a,b,b
c,c,b,h,a,i,g,c,g,b
c,a,j,a,j,f,c,c,h,j
f,a,a,d,h,d,a,i,h,e
f,e,f,d,b,d,d,j,d,f
h,i,e,i,f,d,i,i,j,c
d,h,i,a,g,d,i,e,d,j
g,d,b,e,f,h,h,e,e,c
e,h,b,c,e,b,a,h,h,h
b,f,i,i,h,d,h,c,h,b
i,g,c,c,a,c,f,c,j,d
j,i,e,g,j,d,h,h,e,f
g,g,c,c,a,f,f,b,g,j
d,b,d,j,b,f,h,e,e,i
c,e,h,g,d,c,a,h,j,f
e,f,a,f,f,j,b,c,e,h
f,g,a,i,g,d,j,h,e,b
j,i,d,j,i,c,g,e,a,a
c,g,j,c,c,i,j,e,i,e
c,c,g,d,c,c,h,c,d,h
g,a,i,h,j,g,b,j,f,b
c,g,d,i,a,b,e,c,j,f
c,i,d,i,g,f,h,b,j,b
c,c,a,e,d,i,i,j,d,f
c,b,c,c,a,e,e,a,d,b
a,a,j,i,g,g,i,a,h,c
g,a,h,c,f,j,i,h,f,b
g,i,a,a,h,a,a,g,d,e
i,b,g,e,j,h,b,e,h,g
b,g,a,g,b,f,i,f,a,a
h,j,b,f,f,i,i,j,b,a
i,i,d,j,b,d,h,f,g,g
i,h,c,h,h,g,g,a,b,f
b,a,g,f,d,i,c,d,f,a
i,d,h,i,f,e,a,d,d,d
h,j,e,c,i,b,e,i,j,i
d,d,c,e,j,b,c,b,d,a
i,c,d,g,b,d,e,j,j,c
j,d,b,d,h,c,b,d,j,h
d,a,c,e,b,i,e,g,d,g
c,d,i,g,b,c,d,j,i,a
f,i,b,h,h,d,f,a,h,c
a,a,d,g,a,b,h,d,f,e
c,b,i,b,b,j,h,h,f,f
f,d,e,i,g,e,a,a,b,i
h,c,b,e,i,e,e,d,d,b
c,i,j,e,f,a,g,b,i,i
c,h,f,e,a,h,e,c,e,f
h,f,h,c,h,e,j,e,h,j
d,j,d,a,e,a,a,h,i,b
g,b,f,d,h,j,c,i,a,e
a,f,g,f,h,h,d,c,j,g
i,b,g,i,j,h,a,j,i,c
h,a,d,c,j,f,j,i,b,f
c,c,b,i,d,g,g,b,g,i
f,c,g,e,d,i,h,f,c,c
h,g,j,h,a,a,g,i,i,d
c,d,b,b,j,e,a,j,f,d
i,a,d,g,j,i,c,i,h,c
c,h,e,h,i,f,e,e,d,i
c,e,b,g,g,j,c,j,i,e
a,f,j,e,a,d,i,j,g,c
b,c,j,b,i,b,j,e,g,e
c,h,d,a,c,i,i,f,b,e
i,e,h,j,i,i,b,a,g,h
d,i,j,f,j,i,b,h,g,j
a,c,d,b,e,h,h,a,a,h
g,a,d,a,i,j,c,a,h,h
f,a,g,e,j,i,b,j,h,g
j,d,g,a,h,a,e,j,h,e
j,d,a,d,c,i,g,a,d,a
d,d,b,b,e,j,d,h,j,a
h,a,e,g,f,i,d,d,j,d
h,d,g,e,a,a,e,i,j,j
j,h,h,h,h,e,b,b,d,d
d,a,i,j,e,e,c,a,f,j
c,c,g,a,b,f,d,f,e,j
j,c,h,i,j,f,b,f,f,e
c,e,a,c,a,h,f,i,e,f
d,a,c,a,a,f,i,b,d,d
d,e,a,b,g,d,g,c,g,f
i,e,d,j,a,j,i,c,a,e
c,a,g,e,j,d,c,j,g,g
d,j,b,d,d,b,d,g,e,c
f,d,f,i,a,j,c,c,f,d
j,a,a,a,j,g,h,d,i,j
c,i,f,a,b,f,c,d,i,b
b,d,h,b,b,j,g,h,c,a
b,j,b,d,i,d,b,b,h,b
c,b,j,a,i,j,d,i,g,a
i,g,i,g,d,b,d,i,d,h
c,h,c,a,c,i,j,i,h,i
d,i,f,b,f,b,a,e,i,c
i,c,c,e,c,i,c,f,a,h
f,a,a,g,c,g,g,b,a,d
j,e,c,e,g,f,g,c,f,i
a,i,d,h,b,a,h,e,c,b
c,a,e,j,e,f,e,c,j,c
c,b,f,g,b,b,e,g,g,c
a,c,a,d,b,j,g,a,h,g
d,c,h,j,j,d,j,h,i,d
h,f,a,j,j,b,c,i,f,e
d,c,e,i,e,i,a,a,a,d
f,d,c,f,b,e,h,g,d,i
a,i,f,g,e,g,c,a,c,j
b,h,f,a,a,h,g,e,d,d
c,f,i,c,j,d,h,c,a,g
h,h,h,e,f,c,g,j,a,d
g,f,i,j,i,j,e,b,j,i
j,i,j,g,h,g,a,a,i,d
a,f,j,d,a,b,e,c,h,h
b,i,i,e,c,i,e,f,g,g
c,e,i,g,d,e,c,j,i,i
g,i,a,e,c,b,a,i,c,i
j,e,i,e,g,h,h,c,e,j
j,e,g,a,g,i,a,i,c,e
c,d,d,d,i,a,h,a,a,g
i,a,i,g,b,a,i,g,e,a
i,d,j,h,b,b,c,c,i,c
h,a,e,a,f,i,a,h,h,e
j,i,b,c,a,d,d,j,f,e
c,b,j,a,c,j,h,g,d,d
i,d,b,g,c,d,a,f,a,g
a,c,e,b,b,g,d,f,h,f
b,a,h,f,c,j,d,g,e,c
j,d,e,d,a,d,b,d,d,g
f,d,j,c,a,h,h,h,e,c
e,i,b,g,h,j,j,e,d,j
g,h,a,e,g,a,a,f,b,b
a,d,a,g,a,d,e,d,i,i
h,j,a,f,e,g,d,c,d,g
c,g,i,c,j,c,d,b,a,i
h,j,b,j,j,b,h,f,a,j
c,j,g,a,f,e,c,j,f,d
j,c,d,c,e,f,d,c,i,e
g,g,g,e,e,a,a,d,c,i
g,e,g,d,g,e,d,a,d,g
g,g,i,j,a,b,a,e,j,b
f,i,h,g,b,i,g,a,i,i
i,b,e,e,f,b,c,a,i,c
a,c,b,f,g,e,i,a,f,g
c,c,g,h,a,d,j,f,b,c
b,a,a,g,i,j,c,d,g,f
c,e,j,e,g,e,h,a,e,f
b,c,a,h,g,a,g,e,a,c
i,f,a,h,e,c,i,f,d,b
b,i,c,j,d,h,f,g,b,h
i,h,e,j,a,h,b,d,h,e
d,f,f,a,a,b,b,d,a,a
h,c,c,b,g,j,d,d,d,b
g,b,g,d,f,f,c,e,h,b
c,d,i,g,e,i,a,d,e,a
f,a,j,d,g,d,c,d,e,c
d,a,e,i,i,d,c,e,j,f
a,g,h,h,h,h,j,a,d,c
c,c,g,j,e,h,i,e,h,g
b,b,e,a,d,j,j,a,b,g
c,d,f,i,d,a,b,g,d,e
b,j,d,e,h,i,e,g,e,j
b,i,d,j,d,c,c,i,d,b
i,b,j,a,b,i,c,a,g,h
f,j,j,i,a,j,g,h,e,d
b,f,e,j,d,c,i,a,i,i
g,b,c,c,a,f,j,b,j,j
e,i,b,e,g,b,c,f,d,b
c,d,b,e,b,f,a,g,f,d
d,e,g,i,j,j,h,h,d,i
j,e,g,e,f,g,f,c,h,e
c,i,g,g,j,g,c,h,h,c
a,c,c,h,f,i,g,f,j,h
c,a,b,j,a,h,j,i,b,e
d,a,b,b,c,i,a,c,g,a
i,a,c,i,j,a,a,a,e,j
a,e,b,j,h,d,i,d,f,i
h,j,c,c,d,f,g,f,i,e
j,a,a,h,c,g,h,i,d,c
j,i,a,g,d,f,c,g,d,c
g,f,b,g,a,g,g,h,d,j
c,d,i,f,i,j,d,e,f,i
c,e,c,d,j,d,a,c,j,b
c,j,d,b,e,f,i,e,j,e
i,a,j,f,e,a,b,g,h,g
f,g,a,e,g,d,a,a,d,h
j,b,e,d,h,i,a,h,a,b
i,a,c,i,e,e,c,e,d,a
g,f,e,a,i,j,h,c,i,f
f,a,a,h,h,i,g,h,a,f
j,i,c,a,g,i,h,i,a,j
b,i,g,f,h,b,j,d,i,f
a,f,a,i,e,f,h,c,j,h
a,i,i,e,e,a,c,e,g,g
e,j,j,h,f,c,a,h,i,b
b,d,f,d,e,a,g,e,e,g
d,i,i,i,c,d,h,h,g,a
c,c,b,c,f,h,g,h,e,c
c,c,h,d,d,j,a,i,e,b
j,c,d,a,f,a,b,e,c,f
g,a,h,a,e,d,a,d,a,g
c,b,c,e,c,d,b,h,e,e
g,i,c,a,f,i,e,e,i,j
i,c,g,f,h,b,c,f,d,a
h,j,e,a,b,d,d,f,b,h
c,i,a,f,c,i,d,a,h,i
e,d,c,g,j,b,g,c,c,a
h,a,a,j,d,i,j,g,e,j
c,g,c,e,e,j,i,a,j,d
c,f,g,e,i,b,g,i,d,e
d,h,a,h,a,h,b,f,e,b
j,e,f,f,j,d,e,e,c,c
c,a,g,h,a,f,h,b,e,f
b,c,g,g,f,i,b,i,a,i
a,b,h,i,d,b,g,e,e,f
c,a,g,c,g,b,j,h,e,d
c,c,e,d,j,d,h,d,d,f
c,g,h,e,h,c,e,c,e,c
c,i,g,h,e,b,c,f,i,d
d,d,j,f,a,b,e,g,c,c
c,i,e,d,h,d,a,f,c,i
g,c,e,j,j,g,a,g,d,i
a,h,d,i,d,h,c,h,a,f
e,g,g,d,g,i,g,h,g,g
h,f,b,h,b,i,h,g,i,h
b,d,i,i,e,b,h,d,e,i
i,e,a,f,b,g,h,d,i,h
j,g,j,d,f,i,c,j,e,a
i,h,i,f,g,a,d,h,d,h
b,i,d,h,i,f,d,d,e,e
d,c,b,h,g,h,g,f,c,e
b,c,a,h,g,b,e,j,c,i
h,i,d,f,g,h,h,h,d,d
h,g,h,e,d,b,e,i,g,d
c,a,a,d,i,i,c,b,c,a
d,a,j,c,j,f,c,c,g,b
e,f,j,j,a,j,d,c,a,e
c,e,d,e,a,g,b,b,i,a
f,a,a,e,g,h,i,i,e,c
i,i,h,d,j,d,i,h,f,a
d,h,g,f,j,j,c,h,a,h
g,h,a,g,d,g,d,i,h,d
a,i,b,e,g,j,c,i,g,j
b,e,a,g,g,f,f,f,g,i
c,c,c,g,d,a,a,b,j,g
e,f,f,e,i,d,a,i,a,h
g,f,f,g,c,b,c,e,g,h
e,i,d,d,d,d,f,j,f,a
c,f,j,b,e,e,g,g,i,j
b,a,c,d,h,j,a,h,d,c
e,b,e,j,i,e,d,e,e,b
g,j,g,d,h,h,a,g,c,e
g,i,b,f,a,a,h,a,f,i
c,h,g,c,e,f,i,h,f,j
a,c,a,f,i,b,h,e,e,f
b,h,e,d,j,g,i,g,g,j
a,j,e,h,d,h,c,b,g,h
i,e,a,d,g,d,a,h,i,i
b,i,i,a,g,b,c,i,h,d
c,i,d,j,j,j,e,e,b,d
f,i,c,e,b,i,b,h,h,f
g,a,j,f,j,e,g,e,d,j
g,a,a,g,d,a,d,e,d,a
h,c,g,e,f,b,c,i,h,a
e,d,e,d,h,i,i,j,f,j
e,c,j,e,b,j,j,i,d,i
d,h,c,c,f,g,d,e,j,j
i,i,i,i,c,i,e,h,h,b
c,h,c,d,a,a,c,e,h,b
e,h,a,c,j,j,i,c,a,f
c,d,f,f,e,f,c,d,b,f
h,b,g,d,h,a,i,e,a,e
b,h,a,d,h,i,h,e,e,d
a,c,a,c,f,i,g,h,f,a
h,i,g,j,a,h,c,c,g,d
g,a,e,f,e,f,h,g,a,c
f,c,g,e,j,f,a,h,j,h
e,c,a,i,i,a,i,c,i,b
c,b,j,d,d,i,g,c,e,h
g,i,b,a,a,f,i,i,f,f
g,h,g,e,d,h,e,i,a,i
g,c,c,d,g,j,a,f,e,h
d,i,a,j,e,c,a,h,d,d
d,d,h,b,d,e,f,h,i,b
b,a,h,g,h,a,f,d,f,b
h,g,b,c,h,b,h,h,a,d
i,e,b,a,h,f,c,e,d,i
i,a,j,h,i,i,e,g,g,h
c,h,c,d,i,b,e,b,f,b
g,b,j,d,h,i,g,g,i,i
h,h,a,i,g,g,b,i,c,b
i,a,f,g,f,g,a,b,e,c
c,i,b,g,b,b,h,f,d,j
d,b,a,i,d,c,h,d,b,j
c,j,f,c,g,j,i,j,a,h
h,c,h,d,c,a,f,d,e,a
j,d,b,f,b,h,f,e,e,f
e,a,f,e,d,b,i,a,d,i
b,e,h,c,e,b,i,b,a,j
i,g,c,e,e,i,h,a,c,b
d,i,h,a,i,j,b,e,h,f
c,h,g,g,b,f,b,d,f,i
i,c,a,b,g,e,j,b,c,i
c,j,d,j,g,i,d,h,b,j
j,h,a,j,j,a,a,a,d,j
d,d,j,e,f,g,g,i,e,d
d,j,f,g,c,b,a,f,d,c
a,i,j,c,j,b,c,a,c,b
j,j,c,c,i,b,h,d,f,i
b,i,i,e,f,c,h,a,f,g
j,i,g,d,i,b,b,d,c,e
j,a,g,b,g,d,f,i,h,f
e,c,f,a,a,b,g,d,a,f
c,i,g,g,f,a,a,b,d,f
g,g,d,b,f,j,a,h,a,i
f,a,j,d,a,f,b,i,e,g
f,j,d,e,a,h,j,c,b,h
c,i,d,a,a,d,d,i,g,b
a,j,e,h,b,d,i,c,b,e
g,a,c,b,j,e,a,c,e,b
c,e,i,g,i,i,f,g,e,i
c,d,g,e,h,i,c,i,e,a
c,j,e,c,f,i,j,f,e,c
f,g,f,h,d,h,f,c,b,c
c,a,b,a,g,c,a,j,a,f
c,b,f,c,a,b,c,i,a,h
c,b,j,a,c,i,d,h,h,h
i,d,a,c,e,i,c,j,e,c
g,c,d,e,a,g,a,f,h,i
h,f,e,b,i,d,i,g,b,i
d,g,f,a,j,a,d,i,b,a
c,i,j,c,f,a,b,j,c,i
c,d,j,f,d,j,d,i,e,h
c,f,c,i,a,d,e,d,j,g
d,f,b,e,j,b,d,c,e,i
b,c,j,a,f,g,f,c,e,d
a,c,j,e,a,a,e,c,i,h
b,c,c,h,e,h,i,h,e,f
c,d,b,b,c,i,b,b,g,f
h,i,e,i,i,j,e,c,b,i
c,j,b,j,c,b,e,e,e,h
f,h,i,e,g,f,i,a,h,j
c,b,j,e,a,j,d,j,c,i
j,i,j,f,a,j,b,i,f,f
j,i,i,g,d,i,f,a,a,d
c,a,e,g,f,e,j,f,a,b
g,h,j,d,g,f,j,j,e,i
j,i,j,f,b,g,c,a,j,g
g,d,h,d,d,c,d,i,c,d
i,e,i,c,g,e,c,g,e,i
j,h,g,j,h,h,h,f,b,b
e,i,b,c,f,a,f,d,f,b
c,d,e,h,d,f,c,j,a,a
i,b,j,d,j,d,h,h,i,a
h,a,i,a,c,b,h,g,f,c
h,i,h,b,h,c,a,j,i,f
f,g,a,j,c,d,g,c,h,d
g,e,g,j,e,i,e,j,e,a
j,h,i,f,g,h,i,i,g,f
f,c,c,j,b,b,j,b,c,f
i,f,i,d,d,h,g,a,d,a
c,b,i,e,c,d,g,j,c,j
b,a,h,e,h,h,b,i,j,i
f,g,j,d,g,b,j,i,d,i
c,g,d,a,f,c,d,f,h,b
a,c,a,d,a,g,i,d,f,c
d,d,a,i,i,h,d,h,d,c
h,j,e,d,j,d,e,c,i,j
f,c,e,i,h,b,d,c,j,e
i,i,e,f,j,i,c,h,i,c
c,g,j,g,g,i,g,i,j,g
d,i,g,j,c,f,b,c,g,d
f,c,j,c,g,h,d,c,e,h
a,i,j,j,g,g,i,h,f,e
g,i,i,b,g,b,a,g,g,a
b,f,b,f,d,j,h,d,e,f
g,f,d,j,e,h,g,h,g,e
c,i,b,e,g,b,i,i,e,e
a,d,i,g,g,d,c,a,e,e
i,d,d,g,f,d,g,e,c,c
g,b,d,e,c,j,a,f,f,j
d,c,a,j,b,f,e,d,b,i
j,d,e,a,g,c,d,e,d,f
c,j,c,d,a,d,b,e,g,j
b,e,j,g,g,f,c,c,j,g
h,g,a,c,d,f,j,c,d,f
a,d,i,a,f,a,h,b,a,g
b,b,a,a,f,h,a,a,i,e
c,i,a,f,h,d,d,d,d,i
d,c,h,d,a,e,g,j,j,h
d,i,d,d,c,h,c,a,e,i
c,e,j,h,c,j,h,g,j,i
f,g,e,b,j,h,c,h,d,e
i,e,b,c,j,h,f,a,f,g
a,f,f,e,d,f,g,j,b,a
h,g,f,b,e,h,j,a,f,g
j,b,g,e,h,j,g,g,c,b
h,i,i,h,d,e,h,b,g,d
f,d,d,f,j,a,b,a,h,f
a,a,f,j,f,f,b,e,b,f
h,c,b,g,h,e,j,e,e,i
d,i,c,e,j,j,a,a,e,i
e,h,d,b,b,j,c,h,a,b
i,b,d,f,g,d,b,g,i,f
c,b,f,f,g,b,c,j,j,d
b,b,e,d,c,c,a,h,d,b
j,c,j,i,g,d,f,i,i,f
i,c,h,d,j,f,e,b,a,b
c,c,f,i,j,i,a,f,c,h
c,c,f,a,d,e,a,j,g,e
i,e,b,i,d,a,d,j,a,h
c,i,a,e,h,c,e,j,b,f
j,c,g,d,a,c,d,c,d,c
g,i,c,e,f,h,j,g,f,i
g,b,a,d,c,d,f,c,h,a
b,c,c,g,a,a,j,g,d,g
d,f,d,b,d,i,f,d,e,a
c,d,d,d,j,i,c,f,f,j
g,d,d,f,d,d,d,c,b,f
g,j,j,e,a,a,c,d,f,f
g,c,a,j,f,i,h,f,f,b
b,j,i,d,h,b,j,g,d,f
a,g,a,a,g,h,i,g,f,c
h,i,j,e,g,b,e,b,f,f
b,i,a,h,i,b,a,h,i,b
h,a,d,d,f,d,c,f,j,d
d,c,g,d,i,f,e,h,e,c
h,a,i,j,a,j,d,f,c,i
c,h,b,e,e,j,h,i,g,g
b,i,c,h,a,b,d,b,a,g
g,d,f,h,j,d,h,h,b,a
f,h,j,g,d,h,d,e,h,f
e,i,b,g,i,j,h,c,f,e
i,g,a,j,b,h,b,h,g,e
c,b,e,d,j,f,j,j,b,b
b,i,c,f,i,i,h,b,c,b
d,c,a,f,e,h,a,a,c,i
h,h,g,g,j,a,a,h,b,g
g,e,d,j,h,f,h,c,f,a
a,c,b,g,a,a,b,f,a,i
g,b,e,g,a,e,a,d,g,i
g,f,e,f,a,j,e,g,g,g
c,g,d,b,c,h,c,h,a,e
i,j,b,a,g,d,e,b,b,a
b,c,a,j,j,i,e,d,e,c
i,c,c,g,h,e,c,j,d,a
c,b,e,d,b,g,c,f,a,h
e,j,d,f,b,j,a,g,i,f
a,d,g,g,e,b,d,h,f,d
c,h,b,a,f,f,d,e,d,h
g,g,b,d,f,i,i,e,h,g
c,h,f,f,e,e,a,b,h,h
g,j,a,e,f,j,g,g,e,d
i,j,j,g,c,f,d,h,d,f
i,i,j,c,b,d,e,i,j,e
i,c,g,e,d,b,h,j,a,e
a,i,f,e,d,h,h,i,a,j
a,c,c,b,d,g,i,i,f,h
j,i,d,b,j,g,j,d,j,h
b,h,h,j,a,e,g,a,d,j
d,d,b,e,h,c,a,g,d,h
g,d,b,d,h,c,b,f,b,e
c,a,f,e,f,i,i,e,c,b
f,i,d,g,f,f,a,f,h,f
c,h,c,e,e,i,i,i,f,c
a,a,h,g,d,i,b,b,b,c
j,j,b,a,i,c,e,g,c,d
c,e,b,j,j,j,i,j,i,b
b,a,i,j,a,i,i,d,c,c
c,c,e,e,a,j,c,b,c,b
j,h,g,a,g,d,f,c,h,g
i,d,c,d,a,i,j,a,c,c
e,c,e,g,c,f,f,a,d,i
h,h,f,f,b,d,d,d,f,f
i,d,d,a,d,h,a,j,d,h
j,c,d,e,e,h,g,a,b,b
i,c,c,a,b,g,d,j,j,c
d,c,b,j,f,f,e,f,j,h
a,c,j,a,g,c,j,j,b,c
a,h,d,g,a,g,a,e,i,c
i,d,a,f,j,c,e,a,j,a
b,f,f,i,d,f,a,c,d,d
j,i,j,b,f,i,c,e,b,j
j,g,e,j,g,a,a,f,a,i
b,i,g,e,h,f,e,e,b,d
c,a,e,f,i,d,a,d,b,g
a,f,a,i,i,j,a,c,e,g
c,j,f,c,a,b,a,b,f,d
j,c,f,g,a,a,i,d,i,c
c,b,a,c,j,j,h,d,h,c
i,i,h,a,a,h,d,d,c,e
g,g,a,f,h,e,h,f,c,j
f,c,a,e,e,d,j,a,e,c
c,c,h,g,e,h,f,i,h,g
e,i,j,a,d,j,a,e,i,a
i,d,j,e,f,h,g,a,d,c
h,a,c,i,j,j,a,j,j,f
i,h,i,e,c,g,e,e,h,a
c,a,f,d,j,b,g,h,h,e
a,i,f,h,f,h,j,c,e,e
c,i,c,c,j,j,e,a,f,a
i,c,a,a,f,a,j,a,f,i
g,g,a,d,f,h,h,a,f,h
j,f,g,h,d,h,c,e,c,b
g,h,e,e,c,g,b,j,b,i
g,g,i,f,f,g,e,a,c,a
e,a,c,a,h,f,c,b,g,f
g,a,i,j,b,f,a,d,h,d
c,d,i,d,j,b,c,f,d,i
j,c,j,i,e,f,c,f,a,h
a,i,c,a,c,b,c,a,i,f
a,g,g,f,d,h,f,j,j,i
g,b,c,j,i,a,d,b,j,h
c,j,d,a,h,d,b,h,d,d
a,c,a,e,h,f,g,c,d,b
g,h,c,g,a,i,j,a,j,e
j,d,c,e,f,d,e,i,j,h
b,g,a,d,a,d,d,h,d,f
b,b,a,i,g,d,j,a,d,d
g,e,i,f,b,a,i,h,a,e
f,h,j,j,c,h,e,d,e,e
g,d,d,c,c,b,h,i,c,i
b,d,e,i,h,d,a,f,i,j
g,g,a,f,a,h,a,b,b,f
a,e,c,b,b,b,c,g,i,h
i,f,j,h,g,e,j,b,c,f
h,a,d,h,e,f,i,c,d,c
b,a,g,f,g,i,f,b,a,c
e,e,g,i,d,h,c,g,e,e
e,j,b,b,g,e,a,e,e,j
g,j,e,c,j,g,a,c,g,e
g,g,g,c,b,c,h,f,h,h
c,c,e,g,e,i,e,j,e,j
d,j,b,d,f,f,c,i,g,b
i,a,i,a,e,i,b,c,b,g
i,c,b,g,a,e,d,d,j,j
g,a,f,g,i,e,c,c,g,b
g,e,j,a,g,d,a,c,b,j
c,f,i,e,g,f,e,g,e,j
i,d,a,e,d,d,a,h,a,c
f,a,a,e,h,a,h,d,d,d
g,f,c,f,j,i,c,a,g,h
c,a,b,i,g,i,h,c,d,g
j,d,i,a,a,h,d,j,f,j
g,a,c,e,e,h,c,h,d,i
c,d,f,f,f,b,h,a,c,d
a,j,d,d,f,g,j,h,b,g
h,h,j,d,i,i,b,i,e,b
a,i,i,b,g,g,g,j,b,f
g,e,i,g,g,e,i,h,i,g
h,i,f,b,h,h,f,j,d,b
i,j,j,e,g,d,a,c,g,j
f,c,b,d,e,i,c,j,j,b
i,f,d,i,i,d,d,c,h,g
i,a,h,g,c,j,a,j,f,c
j,j,b,d,a,b,f,c,c,d
c,c,c,e,j,h,e,g,b,i
a,a,d,f,c,e,d,e,j,e
f,h,b,c,c,f,c,i,e,f
i,b,i,f,g,i,d,c,d,b
j,a,g,d,a,f,i,h,b,h
h,j,e,d,g,a,g,f,f,j
h,d,d,e,j,e,a,f,i,b
g,g,a,e,f,d,g,b,h,g
i,a,c,b,c,e,a,d,f,d
c,c,b,j,h,g,e,f,g,a
h,f,h,f,g,i,h,f,g,g
j,j,a,b,d,d,d,c,h,g
j,e,c,h,f,b,h,b,j,c
c,i,h,f,a,f,h,g,f,b
e,c,g,d,a,b,c,g,i,d
a,b,j,i,j,d,c,f,j,a
i,a,d,i,i,i,i,f,g,b
c,e,e,a,h,c,a,f,c,h
c,e,c,j,h,b,h,c,d,a
g,j,e,e,h,j,a,h,e,a
b,e,a,j,j,c,h,d,a,c
i,a,i,j,c,d,d,d,d,b
i,i,a,e,b,i,f,a,g,b
a,h,a,a,a,g,c,a,f,g
b,a,j,f,a,j,e,c,d,g
c,e,b,i,b,f,j,f,i,h
i,e,e,j,a,i,d,i,d,e
g,b,g,j,g,h,j,c,g,j
g,d,j,e,h,d,a,h,h,j
e,c,a,c,b,j,e,a,c,e
h,c,j,b,a,e,h,f,j,e
i,i,j,d,g,a,a,b,f,g
f,g,a,h,a,b,c,e,c,h
c,b,b,g,h,e,c,a,h,i
a,h,e,g,i,e,c,a,b,c
a,i,a,i,d,e,j,h,f,i
d,f,c,e,g,g,g,i,j,g
i,f,f,f,i,i,e,a,g,a
f,i,d,a,e,h,j,a,j,f
g,g,c,b,g,e,g,c,c,f
g,e,d,e,g,i,d,c,e,j
b,i,h,e,c,i,i,a,g,i
i,j,g,d,e,j,i,b,c,b
a,b,j,a,f,i,e,g,a,b
a,b,j,f,j,i,d,h,h,j
c,c,j,e,a,g,h,a,e,j
e,j,f,b,j,i,i,c,d,f
c,i,b,h,c,j,c,b,b,f
c,h,a,b,h,g,e,h,j,h
i,f,f,a,a,c,c,d,i,j
c,i,e,c,d,h,j,i,b,e
i,c,j,g,j,e,d,e,e,e
d,f,b,e,d,j,g,e,g,i
j,b,e,g,b,e,h,g,e,b
i,f,a,i,e,f,i,d,f,e
h,b,g,i,b,b,h,f,h,h
b,j,d,d,a,e,a,j,b,c
i,g,b,a,g,d,h,a,a,e
a,d,j,h,a,g,a,d,g,d
h,g,j,b,i,f,h,b,g,b
c,c,d,e,e,g,e,d,c,a
c,c,g,j,h,d,c,d,d,h
a,i,i,b,a,j,j,g,a,i
h,g,a,j,e,c,h,f,h,h
d,e,c,i,g,g,b,j,g,i
h,b,a,h,h,b,i,h,f,d
c,g,i,j,d,j,g,f,a,c
i,h,g,b,h,a,g,a,g,j
d,h,c,f,i,b,h,d,j,e
i,f,g,h,j,j,i,c,a,b
i,e,g,j,b,j,d,a,d,b
c,f,d,i,d,j,e,f,h,i
b,a,a,a,f,e,f,b,d,a
j,c,d,j,j,f,d,d,h,a
i,j,b,e,b,d,i,c,h,d
c,f,f,a,h,i,b,d,a,i
c,g,e,g,g,c,e,f,i,c
i,i,j,d,g,d,b,a,g,e
h,i,c,j,c,b,j,g,j,d
b,g,j,c,d,b,a,g,f,b
g,d,e,e,a,e,a,a,j,e
c,a,i,f,g,h,j,i,e,d
h,h,h,e,d,a,c,c,e,j
i,f,h,g,d,g,e,i,i,j
h,j,e,i,h,h,f,f,d,g
d,b,e,e,b,f,a,b,h,a
g,j,g,j,d,c,b,g,e,c
j,j,b,e,f,a,c,g,j,g
e,a,j,f,h,i,f,c,b,b
c,i,e,a,e,d,b,d,e,h
d,i,f,a,e,c,j,c,h,b
b,c,j,b,e,f,h,h,d,h
f,a,j,j,e,d,c,i,d,a
a,c,b,b,j,h,a,i,f,d
c,f,b,e,b,a,c,d,a,e
b,f,e,a,j,j,f,f,d,b
c,a,b,d,g,a,c,c,c,e
e,e,b,d,g,j,h,f,i,i
j,a,c,j,g,d,d,j,b,i
b,f,g,g,j,d,b,a,d,h
j,i,g,d,j,f,h,f,f,j
e,f,h,g,g,d,j,i,d,f
g,a,g,i,i,d,d,i,e,c
c,e,e,h,j,h,g,e,i,g
e,b,g,j,e,i,g,i,g,b
a,f,j,h,e,c,d,h,h,i
g,h,a,h,g,g,d,a,d,j
b,i,e,g,e,i,h,a,h,h
h,c,d,i,j,d,g,j,g,i
g,b,c,j,g,b,g,g,b,g
e,c,j,j,a,j,a,f,d,b
c,f,b,i,b,a,c,g,g,c
b,b,d,i,b,j,b,a,g,g
g,h,i,e,g,a,d,h,h,f
g,f,d,f,g,h,g,f,h,f
a,f,j,h,g,f,j,b,c,c
g,c,b,c,h,i,f,a,e,j
j,a,d,g,c,b,e,c,j,i
a,h,i,a,h,c,h,e,f,c
i,i,e,g,e,j,e,j,e,f
d,i,g,g,d,h,a,c,i,j
h,g,c,c,g,b,b,c,h,d
f,h,b,i,f,g,h,d,b,a
f,d,e,f,b,a,i,e,f,b
c,g,a,e,g,b,g,f,f,c
g,e,f,c,i,a,h,d,d,a
g,d,b,e,e,a,d,j,b,d
a,g,e,i,e,g,i,b,b,g
a,i,f,a,g,h,c,h,g,e
c,c,a,e,i,b,c,c,h,g
b,e,c,j,d,e,c,a,h,j
a,i,g,c,e,d,b,j,f,d
j,c,d,c,e,a,f,d,e,h
c,a,i,g,g,b,e,h,d,j
f,b,f,e,f,c,j,d,d,c
f,i,e,d,h,i,h,j,g,c
c,b,a,j,g,f,h,d,g,d
f,j,g,d,a,i,e,d,b,h
a,h,f,b,i,d,f,j,d,e
f,d,j,e,f,g,f,g,d,c
j,e,j,c,e,e,i,h,g,b
c,i,e,i,b,g,i,d,d,g
e,c,e,e,j,i,i,f,e,h
e,e,b,h,i,e,h,c,h,c
h,d,e,c,d,d,c,i,i,i
j,i,c,a,c,i,j,a,d,f
h,j,d,j,c,f,c,c,c,f
d,a,i,b,i,a,i,e,h,f
c,b,c,a,h,e,e,a,d,c
g,e,j,j,f,e,i,b,i,d
c,d,h,j,h,j,g,a,h,i
g,d,d,f,d,d,f,h,d,b
a,h,b,c,g,d,d,i,c,h
c,b,e,j,g,i,e,d,b,i
c,f,b,i,e,a,a,c,d,h
c,i,c,j,e,i,j,d,h,c
a,j,j,g,d,g,g,j,h,f
e,b,i,g,j,g,c,d,h,f
a,c,a,j,c,d,e,i,d,f
i,j,j,e,c,i,c,b,d,c
e,f,f,f,h,b,h,c,a,i
j,i,d,h,b,a,h,h,a,a
c,c,c,b,a,j,h,j,i,b
e,c,f,j,a,f,i,j,a,i
d,b,e,d,j,d,i,j,f,d
b,j,j,a,b,j,g,g,h,d
g,i,e,g,a,d,b,f,f,e
a,f,b,g,j,b,a,h,h,i
c,d,a,a,h,f,e,a,f,d
a,e,g,i,c,i,h,c,a,g
d,e,c,h,g,c,g,f,i,b
f,f,a,e,d,j,c,f,i,f
i,j,a,j,c,g,b,b,a,e
g,i,g,c,d,f,h,g,h,h
e,a,e,b,a,i,d,c,a,g
c,i,j,e,a,d,h,i,g,e
g,c,a,e,c,b,j,d,i,d
b,i,i,b,a,d,f,b,d,b
b,j,g,j,h,b,b,j,j,d
d,i,g,g,i,f,a,h,a,d
f,c,j,a,j,d,e,a,i,f
f,j,j,g,g,d,e,g,d,h
b,e,j,j,i,d,d,d,c,j
j,h,j,j,c,h,b,g,b,j
j,f,c,i,h,a,e,h,d,a
b,j,d,h,g,d,g,b,a,b
b,c,e,d,d,j,c,i,b,g
c,b,h,j,c,b,i,g,g,g
i,g,d,g,c,f,f,a,d,f
h,g,c,h,h,h,d,c,c,b
c,e,h,e,c,h,i,j,j,h
i,g,g,e,i,c,i,c,b,e
c,a,j,i,j,b,h,b,d,a
e,b,i,d,j,a,g,i,f,f
d,j,c,j,g,j,c,c,d,g
d,b,a,a,a,d,b,c,j,a
c,c,g,f,e,c,f,c,g,i
e,g,g,e,a,g,g,a,a,b
i,f,g,d,f,i,a,e,g,g
g,j,j,a,h,j,h,c,d,f
g,c,d,e,g,d,i,c,b,d
j,i,c,c,a,f,c,c,a,i
f,e,d,f,d,h,f,e,e,b
c,g,a,i,i,e,j,c,h,h
a,g,c,f,f,j,c,a,c,c
c,i,j,j,g,g,c,i,h,c
f,c,g,g,a,b,c,e,c,c
c,i,f,g,g,j,i,d,a,e
d,d,b,f,i,j,d,j,j,h
e,j,h,e,f,h,c,c,d,c
h,d,e,i,e,e,j,b,e,g
c,j,g,e,a,a,e,i,f,h
b,h,g,g,b,f,a,i,c,d
b,g,j,a,c,j,c,g,b,a
h,j,i,h,d,a,d,c,b,b
i,j,c,c,g,g,j,i,c,b
d,d,c,g,a,i,e,c,e,h
g,a,a,h,a,f,b,a,g,h
b,a,g,g,c,g,d,d,b,i
c,j,d,i,g,c,f,f,c,c
b,i,d,f,i,a,j,f,a,e
h,a,c,j,d,e,g,g,e,a
c,c,b,d,g,h,b,h,d,f
i,b,e,e,a,f,i,e,f,d
b,c,j,a,j,i,j,c,e,a
f,i,f,e,i,j,a,j,c,f
c,i,d,d,i,b,c,c,g,d
a,f,j,e,e,f,g,e,i,a
a,d,i,f,j,i,j,j,c,c
c,g,b,f,d,g,f,a,c,a
j,i,g,e,d,d,g,a,d,i
c,i,j,f,f,d,d,j,b,g
e,c,d,g,f,a,g,c,i,h
a,g,b,i,i,f,a,b,c,e
b,c,f,i,a,d,d,b,g,g
d,e,i,f,e,b,f,j,e,j
e,a,e,i,e,a,e,j,a,i
c,d,b,c,h,i,h,h,a,i
b,c,a,d,j,b,c,i,j,f
f,c,g,i,d,d,g,a,c,f
g,a,a,j,e,j,g,e,g,d
c,c,d,a,i,b,e,j,f,e
g,a,e,e,i,h,c,g,b,h
i,h,h,g,e,f,j,b,c,f
b,h,g,a,b,a,e,f,i,g
c,c,i,h,i,b,a,e,h,g
j,a,d,e,e,j,i,e,e,a
g,d,j,g,a,j,e,g,h,i
g,g,c,c,j,j,j,a,c,e
g,j,i,c,i,a,i,h,c,h
g,c,d,g,a,d,e,j,b,h
c,d,a,g,c,j,f,f,d,f
d,f,e,h,a,a,d,h,c,f
b,e,a,g,f,g,g,a,g,d
i,j,e,c,c,h,d,i,e,h
c,b,b,b,e,a,a,f,c,g
i,i,f,i,a,d,b,g,i,a
a,a,i,c,c,i,h,i,c,i
g,h,i,f,c,j,d,e,i,f
j,c,c,h,c,e,f,e,e,b
i,i,g,a,f,i,h,e,e,c
a,f,c,c,j,b,h,c,j,c
i,b,e,d,e,i,d,a,d,g
b,f,d,g,d,e,d,e,a,a
c,b,h,a,d,f,c,e,a,a
h,h,d,g,d,b,i,c,j,g
i,f,j,i,i,g,c,c,e,g
e,b,d,g,b,c,c,c,i,d
j,d,i,e,e,d,h,d,g,j
h,a,i,g,h,f,f,i,f,a
i,j,e,j,d,b,e,a,c,c
g,d,i,g,d,b,f,e,a,i
h,c,j,h,e,h,g,f,c,g
a,d,f,j,i,a,c,f,e,j
b,h,d,c,i,j,i,g,a,f
i,i,d,h,e,f,f,a,d,f
e,g,c,b,j,f,a,a,a,j
c,h,c,c,e,d,j,h,e,e
b,d,a,c,b,i,b,f,d,g
h,g,f,d,j,d,i,e,f,h
j,b,b,h,i,e,g,c,g,h
d,a,e,d,c,f,c,f,e,i
d,g,e,j,h,a,a,h,g,i
c,c,d,d,i,b,c,e,e,c
c,j,g,d,e,c,d,a,d,b
b,h,b,a,j,f,f,j,b,h
g,g,g,c,f,d,c,g,i,h
b,b,b,i,j,i,d,a,h,h
e,c,a,c,a,h,h,c,d,h
h,a,j,j,j,b,c,b,i,e
f,a,j,d,b,d,b,d,e,i
c,h,g,h,b,f,a,b,a,a
a,j,j,f,b,e,i,e,d,d
j,i,b,b,d,j,i,b,e,g
e,h,h,d,h,j,b,e,a,c
i,d,c,j,a,i,h,f,b,g
a,e,c,g,h,b,i,e,g,d
e,j,g,a,a,a,a,h,d,g
a,i,b,c,b,j,c,b,i,f
d,d,c,e,h,a,j,a,j,j
j,i,i,g,h,g,g,h,j,h
j,j,i,e,j,g,f,b,i,b
b,i,g,f,f,h,c,b,d,i
i,e,j,a,g,j,h,i,i,h
e,a,h,f,c,i,g,d,c,i
i,f,a,a,c,i,g,a,e,c
c,c,f,f,a,e,h,i,j,e
a,i,g,e,h,e,e,h,j,h
b,h,i,d,a,a,d,h,b,c
d,i,d,g,a,f,h,h,d,f
j,d,e,h,d,g,d,j,d,j
a,g,a,j,h,b,g,c,h,f
b,j,d,j,b,c,f,d,a,e
f,i,f,a,a,c,e,b,d,h
c,i,f,g,j,i,d,a,h,d
b,g,f,a,i,d,d,h,f,f
a,a,j,e,j,c,g,b,e,a
j,a,f,j,f,i,a,e,h,h
i,f,j,d,f,b,g,g,b,c
i,f,j,i,a,j,d,f,b,a
f,j,j,e,c,g,f,h,a,e
g,d,c,d,g,g,c,c,d,b
i,i,e,g,g,a,f,e,b,i
c,c,h,j,a,g,g,b,a,d
h,e,d,d,g,i,g,j,c,b
g,b,i,d,f,c,e,b,c,i
g,j,a,b,g,f,b,c,a,e
j,i,i,a,i,i,g,j,i,i
f,h,b,h,j,b,d,i,i,b
f,c,f,g,d,d,i,i,e,c
g,e,d,i,e,b,h,f,i,h
j,i,g,c,f,i,h,b,h,h
c,d,a,h,f,i,h,i,g,h
j,i,i,i,g,a,a,h,a,j
d,g,d,j,f,c,i,g,a,j
i,d,e,j,h,g,a,e,h,a
i,b,d,g,g,d,g,d,a,c
a,c,c,f,j,g,f,b,f,c
g,b,i,e,g,e,e,f,h,j
b,i,i,b,h,j,e,b,g,h
c,b,b,c,e,j,c,a,a,i
i,d,a,f,e,h,d,a,e,c
h,e,h,h,c,g,d,h,e,j
a,a,a,a,g,a,i,c,b,d
f,i,h,e,a,d,f,b,a,b
c,j,b,d,c,f,e,d,f,e
e,f,a,e,i,d,b,c,h,g
j,i,i,h,e,b,j,e,b,a
g,b,b,c,d,i,h,c,e,j
e,e,e,i,h,d,h,i,i,e
h,c,j,d,f,j,g,j,c,j
d,d,a,c,f,d,c,a,d,f
j,f,h,e,i,c,j,b,h,d
c,a,a,j,j,i,e,d,h,i
d,c,b,b,i,a,a,i,h,b
h,h,g,f,g,i,d,d,c,f
d,b,e,a,g,i,c,h,h,g
f,i,i,c,a,f,g,f,e,c
c,b,c,c,a,h,j,a,j,h
d,i,g,f,a,e,j,e,c,c
a,a,d,j,g,b,j,g,f,e
i,j,j,f,j,h,a,g,b,j
b,a,d,g,d,i,i,j,f,d
c,c,h,d,a,a,g,c,g,j
j,i,e,b,a,f,h,f,c,g
f,c,c,e,e,f,g,f,e,h
i,i,d,e,e,j,g,i,c,c
c,d,f,a,i,f,a,d,c,b
b,f,j,f,d,d,j,a,e,b
i,c,f,a,d,b,g,b,d,i
j,a,g,j,g,h,c,c,i,i
a,g,i,g,d,a,d,g,b,e
c,i,i,c,h,g,g,i,e,j
g,j,g,d,h,b,b,c,j,f
h,e,g,a,g,i,d,g,e,f
g,i,i,h,g,e,h,i,h,g
c,i,c,h,g,b,g,i,h,j
d,d,a,g,g,i,i,h,g,a
e,c,h,g,e,b,g,h,e,c
c,i,f,a,g,b,h,i,d,h
e,j,c,f,g,b,i,i,a,f
g,j,a,c,f,c,c,f,b,g
j,a,a,a,d,f,h,a,a,h
b,i,f,d,i,j,i,h,e,f
a,i,g,e,f,i,e,e,i,d
g,d,e,d,g,j,c,i,a,b
c,d,g,a,f,b,b,d,j,c
c,i,i,d,g,j,j,e,f,h
i,h,j,i,f,d,c,b,b,c
d,h,a,i,e,a,e,f,g,d
j,d,d,b,e,c,c,h,i,d
d,j,j,h,d,b,g,d,e,i
a,f,a,b,g,c,e,e,i,c
c,c,c,d,h,a,i,j,a,h
i,h,e,d,e,d,h,d,i,b
f,f,b,e,b,g,j,a,d,h
b,a,f,f,c,b,b,j,i,c
c,j,i,a,h,i,g,e,f,h
f,a,b,b,e,b,h,f,g,g
g,c,g,f,a,f,i,j,i,b
j,c,d,b,j,d,d,d,b,f
g,f,h,b,f,c,d,d,g,h
b,a,j,f,h,j,e,c,d,f
a,a,b,j,c,g,e,d,d,e
g,f,i,e,i,d,g,d,e,d
c,g,f,a,c,g,g,f,b,e
c,c,e,d,b,d,a,j,b,i
j,i,b,e,d,a,c,i,b,f
e,e,f,h,b,i,d,c,j,e
d,b,j,j,g,a,f,j,a,h
c,c,f,b,g,g,b,a,c,e
h,h,g,g,h,d,g,f,c,i
j,b,f,f,h,i,e,a,g,c
i,c,a,b,g,e,a,i,f,h
